fecha,producto,categoria,cantidad,precio_unitario,total,canal,region
2026-01-01,Aspiradora Robot Clean+,Hogar,1,5099,5099,Móvil App,Yucatán
2026-01-01,Auto RC Turbo Rally,Juguetes,1,778.50,778.50,Móvil App,Nuevo León
2026-01-01,Vestido Floral Summer,Moda,1,1098.50,1098.50,Móvil App,Nuevo León
2026-01-01,Lámpara LED Inteligente,Hogar,2,522,1044,Móvil App,Chihuahua
2026-01-02,Teclado Mecánico RGB,Electrónica,1,1279,1279,Online,Puebla
2026-01-02,Tablet Galaxy 10",Electrónica,2,6499,12998,Online,CDMX
2026-01-02,Pantalón Chino Slim,Moda,2,759,1518,Tienda física,Nuevo León
2026-01-02,Lámpara LED Inteligente,Hogar,2,439,878,Marketplace,Jalisco
2026-01-02,Set de Sábanas Queen 600h,Hogar,1,899,899,Online,CDMX
2026-01-02,Mancuernas Ajustables 10kg,Deportes,1,899,899,Marketplace,CDMX
2026-01-02,Smart TV 55'',Electrónica,2,11499,22998,Marketplace,Jalisco
2026-01-02,Cafetera Espresso Deluxe,Hogar,1,4598.50,4598.50,Tienda física,Jalisco
2026-01-02,Mancuernas Ajustables 10kg,Deportes,2,999,1998,Online,CDMX
2026-01-02,Yoga Mat Premium,Deportes,1,648.50,648.50,Marketplace,Nuevo León
2026-01-03,Serum Vitamina C 30ml,Belleza,3,658.50,1975.50,Móvil App,Jalisco
2026-01-03,Tablet Galaxy 10",Electrónica,1,6499,6499,Marketplace,CDMX
2026-01-03,Balón Soccer Pro FIFA,Deportes,2,549,1098,Online,CDMX
2026-01-03,Bolso de Cuero Milano,Moda,3,1424,4272,Marketplace,Chihuahua
2026-01-03,Camiseta Basic Cotton,Moda,1,399,399,Online,Chihuahua
2026-01-03,Tablet Galaxy 10",Electrónica,1,6498.50,6498.50,Online,CDMX
2026-01-03,Bloques Creativos 500pz,Juguetes,1,899,899,Marketplace,Jalisco
2026-01-03,Auto RC Turbo Rally,Juguetes,1,779,779,Marketplace,Chihuahua
2026-01-04,Sudadera Hoodie Urban,Moda,1,674,674,Online,CDMX
2026-01-04,Kit Bandas Elásticas,Deportes,1,299,299,Marketplace,CDMX
2026-01-04,Purificador de Aire Mini,Hogar,2,2898.50,5797,Móvil App,CDMX
2026-01-04,Serum Vitamina C 30ml,Belleza,2,527,1054,Tienda física,Nuevo León
2026-01-04,Crema Hidratante Aloe,Belleza,2,389,778,Marketplace,Nuevo León
2026-01-05,Mancuernas Ajustables 10kg,Deportes,1,749,749,Online,Nuevo León
2026-01-05,Bloques Creativos 500pz,Juguetes,1,719,719,Marketplace,CDMX
2026-01-05,Set de Sábanas Queen 600h,Hogar,2,1198.50,2397,Online,CDMX
2026-01-05,Kit Bandas Elásticas,Deportes,2,299,598,Online,Chihuahua
2026-01-06,Purificador de Aire Mini,Hogar,2,2464,4928,Online,Chihuahua
2026-01-06,Bolso de Cuero Milano,Moda,1,1898.50,1898.50,Online,Chihuahua
2026-01-06,Pantalón Chino Slim,Moda,2,949,1898,Online,Jalisco
2026-01-06,Auto RC Turbo Rally,Juguetes,1,779,779,Marketplace,Nuevo León
2026-01-06,Perfume Noir Intense 100ml,Belleza,3,1899,5697,Marketplace,CDMX
2026-01-06,Vestido Floral Summer,Moda,2,1099,2198,Móvil App,Puebla
2026-01-07,Barra de Sonido 2.1,Electrónica,1,3499,3499,Tienda física,CDMX
2026-01-07,Barra de Sonido 2.1,Electrónica,1,2974,2974,Marketplace,Yucatán
2026-01-07,Paleta de Sombras Nude,Belleza,1,499,499,Online,Puebla
2026-01-07,Barra de Sonido 2.1,Electrónica,1,3499,3499,Tienda física,Nuevo León
2026-01-07,Peluche Oso Gigante 1.5m,Juguetes,4,549,2196,Tienda física,Puebla
2026-01-08,Teclado Mecánico RGB,Electrónica,1,1598.50,1598.50,Tienda física,Jalisco
2026-01-08,Mancuernas Ajustables 10kg,Deportes,1,999,999,Tienda física,Yucatán
2026-01-08,Casco Ciclismo Aero,Deportes,1,1234,1234,Online,CDMX
2026-01-08,Smartwatch Fit 3,Electrónica,4,3299,13196,Móvil App,CDMX
2026-01-09,Auto RC Turbo Rally,Juguetes,2,778.50,1557,Tienda física,Yucatán
2026-01-09,Banda de Correr Plegable,Deportes,3,12499,37497,Móvil App,Nuevo León
2026-01-09,Barra de Sonido 2.1,Electrónica,2,3499,6998,Móvil App,CDMX
2026-01-09,Smartwatch Fit 3,Electrónica,1,3298.50,3298.50,Marketplace,Yucatán
2026-01-09,Bloques Creativos 500pz,Juguetes,1,899,899,Online,CDMX
2026-01-09,Perfume Noir Intense 100ml,Belleza,3,1899,5697,Marketplace,Jalisco
2026-01-09,Set Ciencia Experimentos,Juguetes,1,629,629,Móvil App,Jalisco
2026-01-09,Smartwatch Fit 3,Electrónica,2,3299,6598,Tienda física,Nuevo León
2026-01-10,Smartwatch Fit 3,Electrónica,1,2639,2639,Online,Yucatán
2026-01-10,Teclado Mecánico RGB,Electrónica,2,1598.50,3197,Online,CDMX
2026-01-10,Camiseta Basic Cotton,Moda,1,399,399,Tienda física,Yucatán
2026-01-11,Tenis Runner Air,Moda,1,2198.50,2198.50,Marketplace,Jalisco
2026-01-11,Perfume Noir Intense 100ml,Belleza,2,1898.50,3797,Online,Puebla
2026-01-11,Bolso de Cuero Milano,Moda,1,1899,1899,Marketplace,Chihuahua
2026-01-11,Teclado Mecánico RGB,Electrónica,2,1599,3198,Online,CDMX
2026-01-11,Tablet Galaxy 10",Electrónica,2,6498.50,12997,Tienda física,Nuevo León
2026-01-11,Camiseta Basic Cotton,Moda,2,399,798,Online,CDMX
2026-01-11,Rizador de Pelas Digital,Belleza,1,854,854,Online,Nuevo León
2026-01-12,Casco Ciclismo Aero,Deportes,1,1299,1299,Tienda física,Jalisco
2026-01-12,Bolso de Cuero Milano,Moda,1,1899,1899,Online,Jalisco
2026-01-12,Bolso de Cuero Milano,Moda,1,1424,1424,Online,Puebla
2026-01-13,Bicicleta Urbana R26,Deportes,3,7999,23997,Online,CDMX
2026-01-13,Bloques Creativos 500pz,Juguetes,2,899,1798,Móvil App,Jalisco
2026-01-13,Smart TV 55'',Electrónica,3,8624,25872,Online,Yucatán
2026-01-14,Chamarra Denim Classic,Moda,1,1299,1299,Marketplace,Puebla
2026-01-14,Bicicleta Urbana R26,Deportes,1,7998.50,7998.50,Tienda física,CDMX
2026-01-14,Serum Vitamina C 30ml,Belleza,1,658.50,658.50,Online,Nuevo León
2026-01-14,Peluche Oso Gigante 1.5m,Juguetes,1,549,549,Tienda física,Jalisco
2026-01-14,Laptop Pro 14,Electrónica,3,18999,56997,Tienda física,CDMX
2026-01-14,Cámara Action Go,Electrónica,3,5999,17997,Online,CDMX
2026-01-15,Mancuernas Ajustables 10kg,Deportes,2,999,1998,Tienda física,CDMX
2026-01-15,Cámara Action Go,Electrónica,2,7999,15998,Marketplace,Puebla
2026-01-15,Kit Bandas Elásticas,Deportes,3,299,897,Móvil App,Jalisco
2026-01-15,Juego de Ollas Antiadherentes,Hogar,2,1919,3838,Tienda física,Nuevo León
2026-01-15,Smart TV 55'',Electrónica,1,11499,11499,Tienda física,CDMX
2026-01-16,Consola Next X,Electrónica,1,13999,13999,Tienda física,Jalisco
2026-01-16,Barra de Sonido 2.1,Electrónica,1,3498.50,3498.50,Marketplace,Nuevo León
2026-01-16,Licuadora Turbo 1200W,Hogar,2,1699,3398,Marketplace,CDMX
2026-01-16,Tablet Galaxy 10",Electrónica,6,6499,38994,Online,Yucatán
2026-01-16,Cámara Action Go,Electrónica,1,7999,7999,Tienda física,CDMX
2026-01-16,Mancuernas Ajustables 10kg,Deportes,1,998.50,998.50,Tienda física,Yucatán
2026-01-16,Serum Vitamina C 30ml,Belleza,1,560,560,Marketplace,CDMX
2026-01-16,Aspiradora Robot Clean+,Hogar,2,5998.50,11997,Online,Puebla
2026-01-16,Bolso de Cuero Milano,Moda,5,1899,9495,Marketplace,Jalisco
2026-01-17,Consola Next X,Electrónica,3,13999,41997,Online,CDMX
2026-01-17,Licuadora Turbo 1200W,Hogar,3,1699,5097,Online,Jalisco
2026-01-17,Casco Ciclismo Aero,Deportes,2,1298.50,2597,Marketplace,Puebla
2026-01-17,Juego de Mesa Familiar,Juguetes,1,449,449,Tienda física,CDMX
2026-01-17,Audífonos ANC Studio,Electrónica,3,2499,7497,Marketplace,Jalisco
2026-01-18,Juego de Ollas Antiadherentes,Hogar,1,2399,2399,Tienda física,Nuevo León
2026-01-18,Crema Hidratante Aloe,Belleza,2,292,584,Online,Nuevo León
2026-01-18,Cámara Action Go,Electrónica,1,7199,7199,Marketplace,CDMX
2026-01-18,Bloques Creativos 500pz,Juguetes,1,854,854,Marketplace,CDMX
2026-01-18,Audífonos ANC Studio,Electrónica,3,2499,7497,Tienda física,Puebla
2026-01-18,Tablet Galaxy 10",Electrónica,1,5524,5524,Marketplace,Chihuahua
2026-01-18,Juego de Mesa Familiar,Juguetes,1,359,359,Online,Yucatán
2026-01-18,Auto RC Turbo Rally,Juguetes,2,779,1558,Online,Yucatán
2026-01-18,Peluche Oso Gigante 1.5m,Juguetes,2,548.50,1097,Tienda física,Jalisco
2026-01-19,Rizador de Pelas Digital,Belleza,1,719,719,Marketplace,Jalisco
2026-01-19,Laptop Pro 14,Electrónica,1,18049,18049,Online,Jalisco
2026-01-19,Cafetera Espresso Deluxe,Hogar,1,3679,3679,Marketplace,CDMX
2026-01-19,Teclado Mecánico RGB,Electrónica,1,1599,1599,Online,CDMX
2026-01-20,Vestido Floral Summer,Moda,1,989,989,Marketplace,Yucatán
2026-01-20,Tablet Galaxy 10",Electrónica,3,6498.50,19495.50,Online,Jalisco
2026-01-20,Balón Soccer Pro FIFA,Deportes,1,494,494,Móvil App,Yucatán
2026-01-20,Smartwatch Fit 3,Electrónica,3,3134,9402,Online,CDMX
2026-01-21,Kit Bandas Elásticas,Deportes,1,284,284,Marketplace,Chihuahua
2026-01-21,Mancuernas Ajustables 10kg,Deportes,5,999,4995,Móvil App,Nuevo León
2026-01-21,Smart TV 55'',Electrónica,3,11499,34497,Online,Yucatán
2026-01-21,Set Ciencia Experimentos,Juguetes,1,628.50,628.50,Móvil App,CDMX
2026-01-21,Kit Bandas Elásticas,Deportes,1,299,299,Online,CDMX
2026-01-22,Secadora Iónica 2200W,Belleza,1,1499,1499,Online,Puebla
2026-01-22,Laptop Pro 14,Electrónica,1,18999,18999,Marketplace,Yucatán
2026-01-22,Cámara Action Go,Electrónica,1,7999,7999,Móvil App,CDMX
2026-01-22,Purificador de Aire Mini,Hogar,3,2899,8697,Tienda física,Chihuahua
2026-01-22,Pantalón Chino Slim,Moda,2,854,1708,Online,Yucatán
2026-01-22,Laptop Pro 14,Electrónica,1,18999,18999,Tienda física,Yucatán
2026-01-23,Peluche Oso Gigante 1.5m,Juguetes,2,549,1098,Marketplace,Nuevo León
2026-01-23,Laptop Pro 14,Electrónica,1,18999,18999,Online,Jalisco
2026-01-23,Smartwatch Fit 3,Electrónica,2,3299,6598,Tienda física,CDMX
2026-01-23,Vestido Floral Summer,Moda,2,1099,2198,Marketplace,CDMX
2026-01-24,Sudadera Hoodie Urban,Moda,3,899,2697,Móvil App,Jalisco
2026-01-24,Audífonos ANC Studio,Electrónica,2,2499,4998,Marketplace,Yucatán
2026-01-25,Smart TV 55'',Electrónica,1,9774,9774,Online,Nuevo León
2026-01-25,Paleta de Sombras Nude,Belleza,1,499,499,Tienda física,Chihuahua
2026-01-25,Bicicleta Urbana R26,Deportes,3,7999,23997,Tienda física,Yucatán
2026-01-25,Vestido Floral Summer,Moda,1,1099,1099,Móvil App,CDMX
2026-01-26,Serum Vitamina C 30ml,Belleza,4,494,1976,Marketplace,Yucatán
2026-01-26,Cámara Action Go,Electrónica,1,7999,7999,Marketplace,CDMX
2026-01-26,Teclado Mecánico RGB,Electrónica,4,1598.50,6394,Online,CDMX
2026-01-26,Peluche Oso Gigante 1.5m,Juguetes,3,549,1647,Online,Nuevo León
2026-01-26,Juego de Mesa Familiar,Juguetes,2,449,898,Online,CDMX
2026-01-26,Consola Next X,Electrónica,2,10499,20998,Tienda física,Yucatán
2026-01-26,Smartphone X5,Electrónica,2,8999,17998,Marketplace,Jalisco
2026-01-27,Mancuernas Ajustables 10kg,Deportes,1,998.50,998.50,Tienda física,Yucatán
2026-01-27,Sudadera Hoodie Urban,Moda,1,899,899,Online,CDMX
2026-01-27,Pantalón Chino Slim,Moda,1,902,902,Online,Nuevo León
2026-01-27,Chamarra Denim Classic,Moda,2,1299,2598,Móvil App,Puebla
2026-01-27,Juego de Ollas Antiadherentes,Hogar,1,2159,2159,Marketplace,CDMX
2026-01-27,Cámara Action Go,Electrónica,1,7998.50,7998.50,Móvil App,Chihuahua
2026-01-27,Rizador de Pelas Digital,Belleza,1,764,764,Online,CDMX
2026-01-27,Aspiradora Robot Clean+,Hogar,1,4799,4799,Online,CDMX
2026-01-28,Paleta de Sombras Nude,Belleza,2,499,998,Marketplace,CDMX
2026-01-28,Smart TV 55'',Electrónica,1,8624,8624,Online,CDMX
2026-01-28,Chamarra Denim Classic,Moda,1,1299,1299,Marketplace,Puebla
2026-01-28,Perfume Noir Intense 100ml,Belleza,1,1709,1709,Móvil App,Yucatán
2026-01-29,Rizador de Pelas Digital,Belleza,2,899,1798,Online,CDMX
2026-01-29,Juego de Mesa Familiar,Juguetes,1,427,427,Marketplace,CDMX
2026-01-29,Audífonos ANC Studio,Electrónica,1,2374,2374,Online,CDMX
2026-01-29,Perfume Noir Intense 100ml,Belleza,1,1899,1899,Online,CDMX
2026-01-29,Lámpara LED Inteligente,Hogar,2,548.50,1097,Marketplace,Yucatán
2026-01-29,Vestido Floral Summer,Moda,1,1099,1099,Online,Nuevo León
2026-01-29,Purificador de Aire Mini,Hogar,3,2174,6522,Marketplace,Jalisco
2026-01-30,Lámpara LED Inteligente,Hogar,3,549,1647,Móvil App,Puebla
2026-01-30,Bloques Creativos 500pz,Juguetes,2,809,1618,Online,Yucatán
2026-01-30,Bloques Creativos 500pz,Juguetes,1,899,899,Tienda física,Yucatán
2026-01-30,Teclado Mecánico RGB,Electrónica,1,1599,1599,Online,CDMX
2026-01-30,Auto RC Turbo Rally,Juguetes,1,584,584,Online,Puebla
2026-01-30,Licuadora Turbo 1200W,Hogar,1,1699,1699,Móvil App,Puebla
2026-01-31,Secadora Iónica 2200W,Belleza,1,1498.50,1498.50,Online,Jalisco
2026-01-31,Smartphone X5,Electrónica,3,8999,26997,Online,Nuevo León
2026-01-31,Tablet Galaxy 10",Electrónica,1,6499,6499,Online,Yucatán
2026-01-31,Crema Hidratante Aloe,Belleza,1,389,389,Tienda física,Puebla
2026-01-31,Barra de Sonido 2.1,Electrónica,1,3498.50,3498.50,Online,Yucatán
2026-01-31,Bloques Creativos 500pz,Juguetes,2,899,1798,Marketplace,CDMX
2026-01-31,Smartphone X5,Electrónica,3,7649,22947,Online,Puebla
2026-01-31,Yoga Mat Premium,Deportes,1,649,649,Online,Puebla
2026-01-31,Paleta de Sombras Nude,Belleza,1,499,499,Online,Chihuahua
2026-01-31,Mancuernas Ajustables 10kg,Deportes,2,949,1898,Online,Puebla
2026-01-31,Licuadora Turbo 1200W,Hogar,2,1698.50,3397,Online,CDMX
2026-01-31,Lentes de Sol Retro,Moda,2,569,1138,Online,Nuevo León
2026-01-31,Balón Soccer Pro FIFA,Deportes,2,549,1098,Tienda física,CDMX
2026-02-01,Chamarra Denim Classic,Moda,2,1299,2598,Tienda física,Chihuahua
2026-02-01,Smart TV 55'',Electrónica,1,11499,11499,Tienda física,Nuevo León
2026-02-01,Serum Vitamina C 30ml,Belleza,1,659,659,Online,Nuevo León
2026-02-01,Perfume Noir Intense 100ml,Belleza,2,1519,3038,Marketplace,Puebla
2026-02-01,Kit Bandas Elásticas,Deportes,1,299,299,Online,CDMX
2026-02-01,Balón Soccer Pro FIFA,Deportes,2,522,1044,Marketplace,Chihuahua
2026-02-01,Laptop Pro 14,Electrónica,1,18049,18049,Marketplace,Yucatán
2026-02-01,Chamarra Denim Classic,Moda,1,1299,1299,Online,Chihuahua
2026-02-02,Juego de Ollas Antiadherentes,Hogar,1,2398.50,2398.50,Móvil App,CDMX
2026-02-02,Balón Soccer Pro FIFA,Deportes,1,439,439,Móvil App,Chihuahua
2026-02-02,Chamarra Denim Classic,Moda,2,974,1948,Online,CDMX
2026-02-02,Teclado Mecánico RGB,Electrónica,1,1599,1599,Tienda física,Jalisco
2026-02-02,Lámpara LED Inteligente,Hogar,2,549,1098,Tienda física,Chihuahua
2026-02-02,Bolso de Cuero Milano,Moda,2,1898.50,3797,Marketplace,Nuevo León
2026-02-02,Smartwatch Fit 3,Electrónica,1,3299,3299,Marketplace,CDMX
2026-02-02,Cafetera Espresso Deluxe,Hogar,1,3449,3449,Online,Yucatán
2026-02-03,Purificador de Aire Mini,Hogar,3,2898.50,8695.50,Online,Nuevo León
2026-02-03,Cafetera Espresso Deluxe,Hogar,1,4139,4139,Online,CDMX
2026-02-03,Laptop Pro 14,Electrónica,1,18999,18999,Online,Puebla
2026-02-03,Juego de Mesa Familiar,Juguetes,2,449,898,Móvil App,Nuevo León
2026-02-03,Bolso de Cuero Milano,Moda,2,1898.50,3797,Marketplace,Nuevo León
2026-02-03,Paleta de Sombras Nude,Belleza,1,499,499,Móvil App,CDMX
2026-02-05,Casco Ciclismo Aero,Deportes,1,1299,1299,Marketplace,CDMX
2026-02-05,Lámpara LED Inteligente,Hogar,1,439,439,Móvil App,Jalisco
2026-02-05,Paleta de Sombras Nude,Belleza,2,499,998,Online,CDMX
2026-02-05,Paleta de Sombras Nude,Belleza,1,474,474,Marketplace,CDMX
2026-02-06,Peluche Oso Gigante 1.5m,Juguetes,1,548.50,548.50,Marketplace,Puebla
2026-02-06,Banda de Correr Plegable,Deportes,1,9374,9374,Online,Chihuahua
2026-02-06,Tablet Galaxy 10",Electrónica,1,6499,6499,Online,Yucatán
2026-02-06,Serum Vitamina C 30ml,Belleza,2,658.50,1317,Online,Chihuahua
2026-02-06,Lámpara LED Inteligente,Hogar,1,439,439,Marketplace,Jalisco
2026-02-06,Audífonos ANC Studio,Electrónica,1,2499,2499,Marketplace,CDMX
2026-02-07,Set Ciencia Experimentos,Juguetes,2,503,1006,Online,CDMX
2026-02-07,Teclado Mecánico RGB,Electrónica,1,1598.50,1598.50,Online,Jalisco
2026-02-07,Cafetera Espresso Deluxe,Hogar,2,4369,8738,Móvil App,Nuevo León
2026-02-08,Aspiradora Robot Clean+,Hogar,1,5998.50,5998.50,Tienda física,Jalisco
2026-02-08,Kit Bandas Elásticas,Deportes,1,299,299,Móvil App,CDMX
2026-02-08,Teclado Mecánico RGB,Electrónica,1,1199,1199,Móvil App,Puebla
2026-02-08,Tablet Galaxy 10",Electrónica,1,6499,6499,Móvil App,CDMX
2026-02-08,Set Ciencia Experimentos,Juguetes,2,629,1258,Online,Puebla
2026-02-09,Smart TV 55'',Electrónica,1,11499,11499,Online,Chihuahua
2026-02-09,Yoga Mat Premium,Deportes,2,649,1298,Tienda física,Jalisco
2026-02-09,Juego de Ollas Antiadherentes,Hogar,1,2399,2399,Móvil App,Jalisco
2026-02-09,Laptop Pro 14,Electrónica,1,18998.50,18998.50,Online,Jalisco
2026-02-09,Cámara Action Go,Electrónica,2,7999,15998,Marketplace,Jalisco
2026-02-09,Cámara Action Go,Electrónica,2,7998.50,15997,Tienda física,Nuevo León
2026-02-10,Cafetera Espresso Deluxe,Hogar,1,4599,4599,Marketplace,CDMX
2026-02-10,Sudadera Hoodie Urban,Moda,2,899,1798,Marketplace,Chihuahua
2026-02-10,Banda de Correr Plegable,Deportes,2,12499,24998,Tienda física,Puebla
2026-02-10,Teclado Mecánico RGB,Electrónica,1,1599,1599,Tienda física,CDMX
2026-02-10,Vestido Floral Summer,Moda,1,1099,1099,Móvil App,Puebla
2026-02-10,Purificador de Aire Mini,Hogar,1,2174,2174,Móvil App,Nuevo León
2026-02-10,Camiseta Basic Cotton,Moda,1,399,399,Tienda física,Chihuahua
2026-02-10,Mancuernas Ajustables 10kg,Deportes,2,999,1998,Móvil App,CDMX
2026-02-11,Barra de Sonido 2.1,Electrónica,2,3499,6998,Móvil App,CDMX
2026-02-11,Dron Junior HD,Juguetes,2,1598.50,3197,Marketplace,Chihuahua
2026-02-11,Rizador de Pelas Digital,Belleza,1,899,899,Tienda física,CDMX
2026-02-11,Auto RC Turbo Rally,Juguetes,6,779,4674,Marketplace,Jalisco
2026-02-11,Smartwatch Fit 3,Electrónica,1,3299,3299,Online,CDMX
2026-02-11,Kit Bandas Elásticas,Deportes,1,224,224,Móvil App,CDMX
2026-02-11,Smartphone X5,Electrónica,1,8998.50,8998.50,Marketplace,CDMX
2026-02-11,Bloques Creativos 500pz,Juguetes,1,898.50,898.50,Tienda física,CDMX
2026-02-11,Consola Next X,Electrónica,1,13999,13999,Marketplace,CDMX
2026-02-12,Peluche Oso Gigante 1.5m,Juguetes,3,549,1647,Tienda física,CDMX
2026-02-12,Cámara Action Go,Electrónica,2,6799,13598,Online,CDMX
2026-02-12,Tablet Galaxy 10",Electrónica,2,6498.50,12997,Online,CDMX
2026-02-12,Auto RC Turbo Rally,Juguetes,6,779,4674,Marketplace,Jalisco
2026-02-12,Smart TV 55'',Electrónica,4,11499,45996,Online,Nuevo León
2026-02-12,Set de Sábanas Queen 600h,Hogar,6,899,5394,Tienda física,Yucatán
2026-02-12,Peluche Oso Gigante 1.5m,Juguetes,1,548.50,548.50,Tienda física,Yucatán
2026-02-12,Teclado Mecánico RGB,Electrónica,1,1599,1599,Online,Nuevo León
2026-02-13,Crema Hidratante Aloe,Belleza,6,389,2334,Online,Chihuahua
2026-02-13,Pantalón Chino Slim,Moda,1,949,949,Móvil App,CDMX
2026-02-13,Consola Next X,Electrónica,1,13999,13999,Online,Yucatán
2026-02-13,Secadora Iónica 2200W,Belleza,1,1124,1124,Online,Puebla
2026-02-13,Banda de Correr Plegable,Deportes,1,12499,12499,Tienda física,Chihuahua
2026-02-13,Cámara Action Go,Electrónica,2,7998.50,15997,Online,CDMX
2026-02-13,Yoga Mat Premium,Deportes,3,649,1947,Marketplace,Nuevo León
2026-02-13,Mancuernas Ajustables 10kg,Deportes,1,999,999,Marketplace,CDMX
2026-02-14,Pantalón Chino Slim,Moda,1,807,807,Online,Yucatán
2026-02-14,Chamarra Denim Classic,Moda,1,1298.50,1298.50,Online,Jalisco
2026-02-14,Aspiradora Robot Clean+,Hogar,2,5999,11998,Marketplace,Jalisco
2026-02-14,Smartwatch Fit 3,Electrónica,1,3299,3299,Marketplace,CDMX
2026-02-14,Banda de Correr Plegable,Deportes,3,9374,28122,Marketplace,Jalisco
2026-02-14,Smartwatch Fit 3,Electrónica,2,3298.50,6597,Marketplace,CDMX
2026-02-14,Secadora Iónica 2200W,Belleza,2,1498.50,2997,Online,Jalisco
2026-02-15,Yoga Mat Premium,Deportes,3,648.50,1945.50,Marketplace,CDMX
2026-02-15,Cafetera Espresso Deluxe,Hogar,3,3909,11727,Online,Chihuahua
2026-02-15,Secadora Iónica 2200W,Belleza,1,1499,1499,Marketplace,Chihuahua
2026-02-16,Juego de Mesa Familiar,Juguetes,1,449,449,Móvil App,Yucatán
2026-02-16,Cámara Action Go,Electrónica,1,7999,7999,Online,Nuevo León
2026-02-16,Tablet Galaxy 10",Electrónica,4,6499,25996,Marketplace,Puebla
2026-02-16,Secadora Iónica 2200W,Belleza,1,1499,1499,Tienda física,Yucatán
2026-02-16,Smartphone X5,Electrónica,2,7199,14398,Online,Jalisco
2026-02-16,Smartphone X5,Electrónica,3,8999,26997,Online,CDMX
2026-02-17,Barra de Sonido 2.1,Electrónica,1,3498.50,3498.50,Tienda física,Nuevo León
2026-02-17,Laptop Pro 14,Electrónica,2,18998.50,37997,Marketplace,CDMX
2026-02-17,Audífonos ANC Studio,Electrónica,1,2498.50,2498.50,Marketplace,CDMX
2026-02-17,Smartwatch Fit 3,Electrónica,2,2804,5608,Móvil App,Jalisco
2026-02-17,Crema Hidratante Aloe,Belleza,2,389,778,Online,Jalisco
2026-02-18,Barra de Sonido 2.1,Electrónica,1,3499,3499,Online,Yucatán
2026-02-18,Balón Soccer Pro FIFA,Deportes,2,439,878,Marketplace,Jalisco
2026-02-18,Mancuernas Ajustables 10kg,Deportes,1,999,999,Online,Nuevo León
2026-02-19,Perfume Noir Intense 100ml,Belleza,1,1709,1709,Online,Jalisco
2026-02-19,Consola Next X,Electrónica,1,13999,13999,Online,CDMX
2026-02-19,Purificador de Aire Mini,Hogar,3,2899,8697,Marketplace,CDMX
2026-02-19,Bloques Creativos 500pz,Juguetes,1,899,899,Móvil App,Yucatán
2026-02-19,Crema Hidratante Aloe,Belleza,1,389,389,Marketplace,Puebla
2026-02-19,Set Ciencia Experimentos,Juguetes,1,503,503,Marketplace,Chihuahua
2026-02-19,Audífonos ANC Studio,Electrónica,1,1874,1874,Online,Yucatán
2026-02-20,Licuadora Turbo 1200W,Hogar,2,1699,3398,Tienda física,CDMX
2026-02-20,Cafetera Espresso Deluxe,Hogar,2,4599,9198,Online,Nuevo León
2026-02-20,Audífonos ANC Studio,Electrónica,4,2124,8496,Online,Nuevo León
2026-02-20,Dron Junior HD,Juguetes,2,1519,3038,Móvil App,Nuevo León
2026-02-20,Tablet Galaxy 10",Electrónica,1,6498.50,6498.50,Marketplace,Yucatán
2026-02-20,Balón Soccer Pro FIFA,Deportes,2,549,1098,Tienda física,CDMX
2026-02-20,Juego de Mesa Familiar,Juguetes,1,449,449,Marketplace,Yucatán
2026-02-20,Vestido Floral Summer,Moda,4,1099,4396,Marketplace,Yucatán
2026-02-20,Bloques Creativos 500pz,Juguetes,1,898.50,898.50,Tienda física,Jalisco
2026-02-21,Serum Vitamina C 30ml,Belleza,1,527,527,Tienda física,Chihuahua
2026-02-21,Licuadora Turbo 1200W,Hogar,2,1699,3398,Online,CDMX
2026-02-21,Laptop Pro 14,Electrónica,3,18999,56997,Tienda física,Nuevo León
2026-02-21,Kit Bandas Elásticas,Deportes,1,299,299,Online,CDMX
2026-02-21,Juego de Ollas Antiadherentes,Hogar,1,2399,2399,Marketplace,CDMX
2026-02-21,Sudadera Hoodie Urban,Moda,2,898.50,1797,Tienda física,Puebla
2026-02-21,Casco Ciclismo Aero,Deportes,2,1299,2598,Marketplace,Yucatán
2026-02-21,Aspiradora Robot Clean+,Hogar,1,5998.50,5998.50,Tienda física,CDMX
2026-02-21,Lámpara LED Inteligente,Hogar,2,549,1098,Tienda física,Puebla
2026-02-22,Licuadora Turbo 1200W,Hogar,1,1698.50,1698.50,Marketplace,Yucatán
2026-02-22,Smart TV 55'',Electrónica,1,11499,11499,Tienda física,Yucatán
2026-02-22,Laptop Pro 14,Electrónica,1,18999,18999,Tienda física,Chihuahua
2026-02-22,Tenis Runner Air,Moda,1,2198.50,2198.50,Móvil App,Chihuahua
2026-02-22,Set de Sábanas Queen 600h,Hogar,2,1199,2398,Marketplace,Yucatán
2026-02-22,Set de Sábanas Queen 600h,Hogar,1,1198.50,1198.50,Marketplace,Chihuahua
2026-02-22,Camiseta Basic Cotton,Moda,1,399,399,Marketplace,Jalisco
2026-02-22,Cámara Action Go,Electrónica,3,7998.50,23995.50,Móvil App,Jalisco
2026-02-22,Vestido Floral Summer,Moda,2,1099,2198,Online,Nuevo León
2026-02-22,Dron Junior HD,Juguetes,1,1519,1519,Marketplace,Nuevo León
2026-02-23,Cafetera Espresso Deluxe,Hogar,1,4599,4599,Tienda física,Puebla
2026-02-23,Smart TV 55'',Electrónica,3,10924,32772,Online,CDMX
2026-02-23,Set de Sábanas Queen 600h,Hogar,1,1198.50,1198.50,Tienda física,Nuevo León
2026-02-23,Lámpara LED Inteligente,Hogar,1,549,549,Online,Puebla
2026-02-23,Casco Ciclismo Aero,Deportes,2,1104,2208,Marketplace,Puebla
2026-02-23,Bloques Creativos 500pz,Juguetes,1,899,899,Online,CDMX
2026-02-24,Rizador de Pelas Digital,Belleza,6,899,5394,Tienda física,Puebla
2026-02-24,Perfume Noir Intense 100ml,Belleza,1,1424,1424,Online,Jalisco
2026-02-24,Balón Soccer Pro FIFA,Deportes,1,439,439,Móvil App,Jalisco
2026-02-24,Balón Soccer Pro FIFA,Deportes,2,548.50,1097,Online,Puebla
2026-02-24,Sudadera Hoodie Urban,Moda,2,899,1798,Tienda física,Yucatán
2026-02-24,Juego de Mesa Familiar,Juguetes,3,382,1146,Online,CDMX
2026-02-24,Set Ciencia Experimentos,Juguetes,2,629,1258,Marketplace,CDMX
2026-02-25,Lámpara LED Inteligente,Hogar,1,439,439,Tienda física,CDMX
2026-02-25,Chamarra Denim Classic,Moda,1,1299,1299,Tienda física,Puebla
2026-02-25,Paleta de Sombras Nude,Belleza,1,499,499,Marketplace,CDMX
2026-02-25,Pantalón Chino Slim,Moda,4,949,3796,Marketplace,Chihuahua
2026-02-26,Lámpara LED Inteligente,Hogar,1,549,549,Online,CDMX
2026-02-26,Cámara Action Go,Electrónica,1,7999,7999,Marketplace,Jalisco
2026-02-26,Vestido Floral Summer,Moda,1,1099,1099,Online,Chihuahua
2026-02-27,Aspiradora Robot Clean+,Hogar,1,5998.50,5998.50,Online,Puebla
2026-02-27,Casco Ciclismo Aero,Deportes,2,1104,2208,Tienda física,Chihuahua
2026-02-28,Lentes de Sol Retro,Moda,1,759,759,Online,Jalisco
2026-02-28,Casco Ciclismo Aero,Deportes,2,1299,2598,Marketplace,Puebla
2026-02-28,Paleta de Sombras Nude,Belleza,1,449,449,Online,Puebla
2026-02-28,Serum Vitamina C 30ml,Belleza,1,658.50,658.50,Online,CDMX
2026-02-28,Mancuernas Ajustables 10kg,Deportes,1,998.50,998.50,Móvil App,Yucatán
2026-02-28,Yoga Mat Premium,Deportes,1,552,552,Online,Chihuahua
2026-02-28,Cámara Action Go,Electrónica,2,5999,11998,Tienda física,CDMX
2026-03-01,Teclado Mecánico RGB,Electrónica,5,1599,7995,Móvil App,Jalisco
2026-03-01,Barra de Sonido 2.1,Electrónica,1,3499,3499,Online,Jalisco
2026-03-01,Set de Sábanas Queen 600h,Hogar,2,1199,2398,Marketplace,Nuevo León
2026-03-01,Lámpara LED Inteligente,Hogar,2,439,878,Móvil App,Jalisco
2026-03-01,Bloques Creativos 500pz,Juguetes,1,899,899,Tienda física,Nuevo León
2026-03-01,Set Ciencia Experimentos,Juguetes,1,629,629,Online,CDMX
2026-03-02,Yoga Mat Premium,Deportes,1,649,649,Móvil App,Nuevo León
2026-03-02,Dron Junior HD,Juguetes,1,1599,1599,Online,CDMX
2026-03-02,Bolso de Cuero Milano,Moda,2,1898.50,3797,Tienda física,Jalisco
2026-03-02,Crema Hidratante Aloe,Belleza,1,389,389,Online,Chihuahua
2026-03-02,Set Ciencia Experimentos,Juguetes,2,535,1070,Marketplace,Jalisco
2026-03-02,Auto RC Turbo Rally,Juguetes,1,779,779,Tienda física,Nuevo León
2026-03-02,Licuadora Turbo 1200W,Hogar,2,1699,3398,Online,Jalisco
2026-03-03,Peluche Oso Gigante 1.5m,Juguetes,1,467,467,Tienda física,Jalisco
2026-03-03,Lámpara LED Inteligente,Hogar,1,548.50,548.50,Online,CDMX
2026-03-03,Serum Vitamina C 30ml,Belleza,2,659,1318,Online,Nuevo León
2026-03-03,Juego de Mesa Familiar,Juguetes,2,382,764,Móvil App,Chihuahua
2026-03-03,Tablet Galaxy 10",Electrónica,1,6499,6499,Online,CDMX
2026-03-04,Smartphone X5,Electrónica,1,8549,8549,Tienda física,Nuevo León
2026-03-04,Paleta de Sombras Nude,Belleza,3,499,1497,Online,CDMX
2026-03-04,Yoga Mat Premium,Deportes,2,648.50,1297,Online,Nuevo León
2026-03-04,Pantalón Chino Slim,Moda,2,949,1898,Online,CDMX
2026-03-05,Juego de Ollas Antiadherentes,Hogar,2,2399,4798,Móvil App,Puebla
2026-03-05,Juego de Mesa Familiar,Juguetes,1,449,449,Online,Nuevo León
2026-03-05,Consola Next X,Electrónica,3,12599,37797,Online,CDMX
2026-03-05,Bicicleta Urbana R26,Deportes,1,7999,7999,Marketplace,CDMX
2026-03-05,Lentes de Sol Retro,Moda,6,607,3642,Tienda física,CDMX
2026-03-05,Tablet Galaxy 10",Electrónica,2,6498.50,12997,Móvil App,Nuevo León
2026-03-05,Peluche Oso Gigante 1.5m,Juguetes,1,549,549,Online,Chihuahua
2026-03-05,Rizador de Pelas Digital,Belleza,1,899,899,Móvil App,CDMX
2026-03-06,Cámara Action Go,Electrónica,1,7999,7999,Online,Yucatán
2026-03-06,Perfume Noir Intense 100ml,Belleza,1,1899,1899,Móvil App,Chihuahua
2026-03-06,Yoga Mat Premium,Deportes,5,648.50,3242.50,Online,Jalisco
2026-03-06,Smartphone X5,Electrónica,1,8999,8999,Online,Jalisco
2026-03-06,Auto RC Turbo Rally,Juguetes,1,779,779,Móvil App,CDMX
2026-03-06,Set de Sábanas Queen 600h,Hogar,1,1199,1199,Online,Chihuahua
2026-03-06,Peluche Oso Gigante 1.5m,Juguetes,1,549,549,Móvil App,CDMX
2026-03-06,Camiseta Basic Cotton,Moda,1,399,399,Tienda física,CDMX
2026-03-07,Juego de Ollas Antiadherentes,Hogar,6,2399,14394,Móvil App,Jalisco
2026-03-07,Lentes de Sol Retro,Moda,3,758.50,2275.50,Tienda física,Yucatán
2026-03-07,Bolso de Cuero Milano,Moda,1,1709,1709,Online,Jalisco
2026-03-07,Casco Ciclismo Aero,Deportes,1,1299,1299,Marketplace,Nuevo León
2026-03-08,Banda de Correr Plegable,Deportes,1,12499,12499,Online,CDMX
2026-03-08,Camiseta Basic Cotton,Moda,2,359,718,Online,Chihuahua
2026-03-08,Bolso de Cuero Milano,Moda,1,1899,1899,Marketplace,Jalisco
2026-03-08,Chamarra Denim Classic,Moda,1,1299,1299,Online,Yucatán
2026-03-09,Tablet Galaxy 10",Electrónica,2,6498.50,12997,Online,CDMX
2026-03-09,Cámara Action Go,Electrónica,3,7998.50,23995.50,Tienda física,Nuevo León
2026-03-09,Balón Soccer Pro FIFA,Deportes,1,548.50,548.50,Online,Nuevo León
2026-03-09,Smart TV 55'',Electrónica,1,11498.50,11498.50,Móvil App,CDMX
2026-03-09,Laptop Pro 14,Electrónica,1,14249,14249,Marketplace,Jalisco
2026-03-09,Licuadora Turbo 1200W,Hogar,1,1698.50,1698.50,Online,Jalisco
2026-03-10,Crema Hidratante Aloe,Belleza,1,311,311,Tienda física,Jalisco
2026-03-10,Purificador de Aire Mini,Hogar,2,2899,5798,Móvil App,CDMX
2026-03-10,Consola Next X,Electrónica,1,13999,13999,Móvil App,Nuevo León
2026-03-11,Camiseta Basic Cotton,Moda,3,399,1197,Online,Puebla
2026-03-11,Consola Next X,Electrónica,5,13999,69995,Online,Yucatán
2026-03-11,Crema Hidratante Aloe,Belleza,2,389,778,Tienda física,Jalisco
2026-03-11,Camiseta Basic Cotton,Moda,1,399,399,Online,Jalisco
2026-03-11,Tablet Galaxy 10",Electrónica,2,6499,12998,Online,Chihuahua
2026-03-12,Set de Sábanas Queen 600h,Hogar,5,1198.50,5992.50,Online,Jalisco
2026-03-12,Smartwatch Fit 3,Electrónica,3,3298.50,9895.50,Tienda física,CDMX
2026-03-13,Juego de Mesa Familiar,Juguetes,2,427,854,Online,CDMX
2026-03-13,Bloques Creativos 500pz,Juguetes,5,899,4495,Marketplace,Yucatán
2026-03-13,Secadora Iónica 2200W,Belleza,1,1499,1499,Tienda física,CDMX
2026-03-13,Tenis Runner Air,Moda,2,2199,4398,Marketplace,CDMX
2026-03-13,Chamarra Denim Classic,Moda,1,1299,1299,Tienda física,Jalisco
2026-03-14,Yoga Mat Premium,Deportes,1,649,649,Móvil App,CDMX
2026-03-14,Audífonos ANC Studio,Electrónica,2,2499,4998,Online,Yucatán
2026-03-14,Aspiradora Robot Clean+,Hogar,2,5699,11398,Tienda física,Chihuahua
2026-03-14,Auto RC Turbo Rally,Juguetes,1,740,740,Móvil App,Jalisco
2026-03-14,Teclado Mecánico RGB,Electrónica,1,1598.50,1598.50,Online,Chihuahua
2026-03-15,Bolso de Cuero Milano,Moda,2,1899,3798,Online,Nuevo León
2026-03-15,Paleta de Sombras Nude,Belleza,1,499,499,Online,Puebla
2026-03-16,Aspiradora Robot Clean+,Hogar,2,5998.50,11997,Marketplace,Chihuahua
2026-03-16,Cafetera Espresso Deluxe,Hogar,2,4599,9198,Móvil App,Nuevo León
2026-03-16,Audífonos ANC Studio,Electrónica,2,2249,4498,Marketplace,CDMX
2026-03-16,Purificador de Aire Mini,Hogar,2,2899,5798,Online,Yucatán
2026-03-16,Juego de Mesa Familiar,Juguetes,1,449,449,Tienda física,Chihuahua
2026-03-17,Crema Hidratante Aloe,Belleza,5,389,1945,Online,Chihuahua
2026-03-17,Vestido Floral Summer,Moda,2,1099,2198,Tienda física,Nuevo León
2026-03-17,Tablet Galaxy 10",Electrónica,1,6499,6499,Marketplace,CDMX
2026-03-17,Dron Junior HD,Juguetes,1,1598.50,1598.50,Móvil App,CDMX
2026-03-17,Audífonos ANC Studio,Electrónica,1,2249,2249,Marketplace,Puebla
2026-03-17,Crema Hidratante Aloe,Belleza,1,389,389,Online,Nuevo León
2026-03-18,Crema Hidratante Aloe,Belleza,1,389,389,Online,Jalisco
2026-03-18,Vestido Floral Summer,Moda,2,1099,2198,Marketplace,Jalisco
2026-03-18,Set de Sábanas Queen 600h,Hogar,3,1199,3597,Online,CDMX
2026-03-18,Licuadora Turbo 1200W,Hogar,2,1699,3398,Online,Yucatán
2026-03-18,Teclado Mecánico RGB,Electrónica,2,1599,3198,Online,CDMX
2026-03-18,Chamarra Denim Classic,Moda,2,1299,2598,Marketplace,Puebla
2026-03-18,Paleta de Sombras Nude,Belleza,2,499,998,Marketplace,CDMX
2026-03-18,Rizador de Pelas Digital,Belleza,1,899,899,Marketplace,Jalisco
2026-03-18,Set de Sábanas Queen 600h,Hogar,3,1199,3597,Online,CDMX
2026-03-18,Casco Ciclismo Aero,Deportes,2,974,1948,Marketplace,Nuevo León
2026-03-18,Bolso de Cuero Milano,Moda,1,1899,1899,Móvil App,CDMX
2026-03-19,Lentes de Sol Retro,Moda,1,759,759,Tienda física,CDMX
2026-03-19,Cafetera Espresso Deluxe,Hogar,2,3909,7818,Marketplace,CDMX
2026-03-19,Barra de Sonido 2.1,Electrónica,3,3499,10497,Marketplace,Yucatán
2026-03-20,Dron Junior HD,Juguetes,2,1599,3198,Tienda física,Nuevo León
2026-03-20,Consola Next X,Electrónica,1,13299,13299,Online,Nuevo León
2026-03-20,Paleta de Sombras Nude,Belleza,2,499,998,Marketplace,CDMX
2026-03-20,Banda de Correr Plegable,Deportes,3,9374,28122,Marketplace,Jalisco
2026-03-20,Rizador de Pelas Digital,Belleza,2,899,1798,Online,CDMX
2026-03-20,Lámpara LED Inteligente,Hogar,4,548.50,2194,Online,CDMX
2026-03-20,Audífonos ANC Studio,Electrónica,2,2498.50,4997,Móvil App,CDMX
2026-03-21,Set Ciencia Experimentos,Juguetes,2,628.50,1257,Tienda física,Chihuahua
2026-03-21,Tenis Runner Air,Moda,1,2199,2199,Online,Chihuahua
2026-03-21,Tablet Galaxy 10",Electrónica,2,6174,12348,Tienda física,Puebla
2026-03-21,Auto RC Turbo Rally,Juguetes,3,779,2337,Tienda física,Yucatán
2026-03-21,Vestido Floral Summer,Moda,2,934,1868,Online,Yucatán
2026-03-21,Lentes de Sol Retro,Moda,1,759,759,Online,CDMX
2026-03-22,Banda de Correr Plegable,Deportes,2,12499,24998,Online,Chihuahua
2026-03-22,Tablet Galaxy 10",Electrónica,1,6499,6499,Marketplace,CDMX
2026-03-22,Cafetera Espresso Deluxe,Hogar,1,4599,4599,Marketplace,Yucatán
2026-03-23,Smartphone X5,Electrónica,1,8999,8999,Tienda física,CDMX
2026-03-23,Smart TV 55'',Electrónica,2,11499,22998,Móvil App,Yucatán
2026-03-23,Cámara Action Go,Electrónica,1,7998.50,7998.50,Online,Jalisco
2026-03-23,Teclado Mecánico RGB,Electrónica,1,1599,1599,Tienda física,Puebla
2026-03-23,Rizador de Pelas Digital,Belleza,1,899,899,Online,Nuevo León
2026-03-24,Rizador de Pelas Digital,Belleza,1,899,899,Móvil App,Nuevo León
2026-03-24,Mancuernas Ajustables 10kg,Deportes,3,999,2997,Online,Nuevo León
2026-03-24,Aspiradora Robot Clean+,Hogar,1,5999,5999,Móvil App,Puebla
2026-03-24,Perfume Noir Intense 100ml,Belleza,2,1898.50,3797,Online,Chihuahua
2026-03-25,Tenis Runner Air,Moda,1,2198.50,2198.50,Marketplace,Nuevo León
2026-03-25,Yoga Mat Premium,Deportes,1,487,487,Móvil App,CDMX
2026-03-26,Lámpara LED Inteligente,Hogar,2,549,1098,Online,CDMX
2026-03-26,Bloques Creativos 500pz,Juguetes,1,899,899,Tienda física,CDMX
2026-03-26,Lentes de Sol Retro,Moda,2,759,1518,Tienda física,Nuevo León
2026-03-26,Serum Vitamina C 30ml,Belleza,2,659,1318,Tienda física,Chihuahua
2026-03-26,Lentes de Sol Retro,Moda,1,758.50,758.50,Marketplace,CDMX
2026-03-27,Casco Ciclismo Aero,Deportes,2,1299,2598,Tienda física,Jalisco
2026-03-27,Rizador de Pelas Digital,Belleza,1,854,854,Online,Puebla
2026-03-27,Juego de Ollas Antiadherentes,Hogar,1,2398.50,2398.50,Marketplace,Yucatán
2026-03-27,Perfume Noir Intense 100ml,Belleza,1,1424,1424,Online,CDMX
2026-03-27,Cafetera Espresso Deluxe,Hogar,1,4598.50,4598.50,Tienda física,Puebla
2026-03-28,Aspiradora Robot Clean+,Hogar,3,5999,17997,Online,Nuevo León
2026-03-28,Bolso de Cuero Milano,Moda,1,1898.50,1898.50,Tienda física,Yucatán
2026-03-28,Smartwatch Fit 3,Electrónica,1,2639,2639,Online,CDMX
2026-03-28,Casco Ciclismo Aero,Deportes,2,1104,2208,Online,CDMX
2026-03-29,Auto RC Turbo Rally,Juguetes,1,779,779,Marketplace,CDMX
2026-03-29,Laptop Pro 14,Electrónica,2,18998.50,37997,Online,Nuevo León
2026-03-29,Audífonos ANC Studio,Electrónica,2,2498.50,4997,Online,Yucatán
2026-03-29,Tenis Runner Air,Moda,6,1979,11874,Marketplace,CDMX
2026-03-29,Cafetera Espresso Deluxe,Hogar,1,4599,4599,Móvil App,Chihuahua
2026-03-29,Peluche Oso Gigante 1.5m,Juguetes,3,549,1647,Marketplace,CDMX
2026-03-30,Vestido Floral Summer,Moda,4,1098.50,4394,Tienda física,Puebla
2026-03-30,Smartphone X5,Electrónica,3,8998.50,26995.50,Móvil App,Chihuahua
2026-03-30,Aspiradora Robot Clean+,Hogar,2,5999,11998,Marketplace,Chihuahua
2026-03-30,Dron Junior HD,Juguetes,2,1599,3198,Online,Yucatán
2026-03-30,Dron Junior HD,Juguetes,2,1519,3038,Online,Jalisco
2026-03-30,Crema Hidratante Aloe,Belleza,2,389,778,Tienda física,Yucatán
2026-03-31,Camiseta Basic Cotton,Moda,1,399,399,Online,CDMX
2026-03-31,Set Ciencia Experimentos,Juguetes,1,628.50,628.50,Marketplace,CDMX
2026-03-31,Kit Bandas Elásticas,Deportes,2,299,598,Marketplace,CDMX
2026-04-01,Juego de Mesa Familiar,Juguetes,1,449,449,Online,Chihuahua
2026-04-01,Paleta de Sombras Nude,Belleza,2,499,998,Tienda física,Nuevo León
2026-04-01,Balón Soccer Pro FIFA,Deportes,1,549,549,Marketplace,Puebla
2026-04-01,Smart TV 55'',Electrónica,3,9774,29322,Marketplace,Nuevo León
2026-04-01,Barra de Sonido 2.1,Electrónica,3,2799,8397,Online,Nuevo León
2026-04-01,Smartwatch Fit 3,Electrónica,2,2969,5938,Tienda física,Chihuahua
2026-04-02,Bicicleta Urbana R26,Deportes,1,7999,7999,Online,Jalisco
2026-04-02,Smart TV 55'',Electrónica,1,11498.50,11498.50,Online,Jalisco
2026-04-02,Kit Bandas Elásticas,Deportes,1,299,299,Online,Yucatán
2026-04-02,Smart TV 55'',Electrónica,1,9199,9199,Móvil App,Yucatán
2026-04-02,Bolso de Cuero Milano,Moda,1,1898.50,1898.50,Marketplace,Jalisco
2026-04-02,Smartwatch Fit 3,Electrónica,2,2474,4948,Móvil App,Yucatán
2026-04-03,Smartphone X5,Electrónica,2,8999,17998,Marketplace,Nuevo León
2026-04-03,Set Ciencia Experimentos,Juguetes,1,628.50,628.50,Online,Jalisco
2026-04-03,Teclado Mecánico RGB,Electrónica,1,1598.50,1598.50,Móvil App,CDMX
2026-04-03,Vestido Floral Summer,Moda,2,934,1868,Online,Nuevo León
2026-04-03,Bicicleta Urbana R26,Deportes,3,7998.50,23995.50,Online,Chihuahua
2026-04-04,Paleta de Sombras Nude,Belleza,1,499,499,Online,Puebla
2026-04-04,Crema Hidratante Aloe,Belleza,2,389,778,Tienda física,Nuevo León
2026-04-04,Balón Soccer Pro FIFA,Deportes,1,549,549,Online,CDMX
2026-04-04,Camiseta Basic Cotton,Moda,2,399,798,Online,Yucatán
2026-04-04,Smartwatch Fit 3,Electrónica,1,2969,2969,Tienda física,Jalisco
2026-04-04,Smart TV 55'',Electrónica,1,11499,11499,Marketplace,Puebla
2026-04-04,Mancuernas Ajustables 10kg,Deportes,2,899,1798,Móvil App,Jalisco
2026-04-04,Lentes de Sol Retro,Moda,1,759,759,Móvil App,Jalisco
2026-04-04,Cámara Action Go,Electrónica,3,7999,23997,Online,Nuevo León
2026-04-05,Purificador de Aire Mini,Hogar,2,2899,5798,Online,Yucatán
2026-04-05,Paleta de Sombras Nude,Belleza,1,499,499,Online,CDMX
2026-04-05,Barra de Sonido 2.1,Electrónica,2,3499,6998,Online,Jalisco
2026-04-05,Tablet Galaxy 10",Electrónica,1,6498.50,6498.50,Online,Yucatán
2026-04-05,Secadora Iónica 2200W,Belleza,2,1498.50,2997,Móvil App,Chihuahua
2026-04-06,Rizador de Pelas Digital,Belleza,5,674,3370,Online,Nuevo León
2026-04-06,Perfume Noir Intense 100ml,Belleza,2,1898.50,3797,Móvil App,Chihuahua
2026-04-06,Lámpara LED Inteligente,Hogar,1,548.50,548.50,Móvil App,Puebla
2026-04-06,Banda de Correr Plegable,Deportes,1,10624,10624,Marketplace,Nuevo León
2026-04-06,Serum Vitamina C 30ml,Belleza,3,560,1680,Online,Yucatán
2026-04-06,Mancuernas Ajustables 10kg,Deportes,1,849,849,Móvil App,Nuevo León
2026-04-06,Smart TV 55'',Electrónica,6,11499,68994,Online,Chihuahua
2026-04-06,Set de Sábanas Queen 600h,Hogar,2,1199,2398,Marketplace,Jalisco
2026-04-07,Cafetera Espresso Deluxe,Hogar,1,4599,4599,Online,Jalisco
2026-04-07,Secadora Iónica 2200W,Belleza,2,1499,2998,Online,CDMX
2026-04-07,Barra de Sonido 2.1,Electrónica,1,3498.50,3498.50,Online,CDMX
2026-04-07,Rizador de Pelas Digital,Belleza,1,809,809,Online,Yucatán
2026-04-08,Juego de Ollas Antiadherentes,Hogar,1,2399,2399,Online,CDMX
2026-04-08,Casco Ciclismo Aero,Deportes,1,1298.50,1298.50,Móvil App,Jalisco
2026-04-08,Crema Hidratante Aloe,Belleza,1,389,389,Online,CDMX
2026-04-08,Kit Bandas Elásticas,Deportes,2,299,598,Online,CDMX
2026-04-08,Lentes de Sol Retro,Moda,3,569,1707,Tienda física,CDMX
2026-04-09,Lentes de Sol Retro,Moda,1,759,759,Tienda física,Jalisco
2026-04-09,Perfume Noir Intense 100ml,Belleza,3,1614,4842,Online,Yucatán
2026-04-09,Perfume Noir Intense 100ml,Belleza,1,1898.50,1898.50,Móvil App,CDMX
2026-04-09,Set de Sábanas Queen 600h,Hogar,1,1199,1199,Online,Nuevo León
2026-04-09,Teclado Mecánico RGB,Electrónica,5,1439,7195,Online,Jalisco
2026-04-09,Bolso de Cuero Milano,Moda,1,1899,1899,Móvil App,Chihuahua
2026-04-09,Smart TV 55'',Electrónica,2,9774,19548,Online,Jalisco
2026-04-09,Aspiradora Robot Clean+,Hogar,4,5699,22796,Tienda física,Chihuahua
2026-04-10,Smartphone X5,Electrónica,1,8999,8999,Marketplace,CDMX
2026-04-10,Sudadera Hoodie Urban,Moda,2,854,1708,Tienda física,Nuevo León
2026-04-10,Pantalón Chino Slim,Moda,1,948.50,948.50,Tienda física,Nuevo León
2026-04-11,Paleta de Sombras Nude,Belleza,2,499,998,Tienda física,Nuevo León
2026-04-11,Cafetera Espresso Deluxe,Hogar,1,4599,4599,Móvil App,Puebla
2026-04-11,Cafetera Espresso Deluxe,Hogar,2,4139,8278,Online,Jalisco
2026-04-11,Aspiradora Robot Clean+,Hogar,2,5999,11998,Marketplace,Nuevo León
2026-04-11,Dron Junior HD,Juguetes,2,1598.50,3197,Online,CDMX
2026-04-11,Banda de Correr Plegable,Deportes,1,12498.50,12498.50,Online,CDMX
2026-04-11,Laptop Pro 14,Electrónica,2,18999,37998,Tienda física,Jalisco
2026-04-12,Bolso de Cuero Milano,Moda,2,1614,3228,Online,Jalisco
2026-04-12,Audífonos ANC Studio,Electrónica,1,2498.50,2498.50,Online,Chihuahua
2026-04-13,Lentes de Sol Retro,Moda,3,759,2277,Online,CDMX
2026-04-13,Bolso de Cuero Milano,Moda,1,1898.50,1898.50,Online,Puebla
2026-04-13,Banda de Correr Plegable,Deportes,1,12499,12499,Tienda física,Chihuahua
2026-04-13,Balón Soccer Pro FIFA,Deportes,1,548.50,548.50,Online,Yucatán
2026-04-13,Smartphone X5,Electrónica,1,7649,7649,Online,CDMX
2026-04-13,Barra de Sonido 2.1,Electrónica,3,3499,10497,Online,Jalisco
2026-04-14,Smartwatch Fit 3,Electrónica,1,3298.50,3298.50,Tienda física,Nuevo León
2026-04-14,Purificador de Aire Mini,Hogar,2,2899,5798,Marketplace,CDMX
2026-04-14,Smartphone X5,Electrónica,3,8099,24297,Marketplace,CDMX
2026-04-15,Casco Ciclismo Aero,Deportes,1,1299,1299,Móvil App,CDMX
2026-04-15,Smartwatch Fit 3,Electrónica,1,3299,3299,Marketplace,Jalisco
2026-04-15,Cafetera Espresso Deluxe,Hogar,2,4599,9198,Online,Jalisco
2026-04-16,Serum Vitamina C 30ml,Belleza,2,659,1318,Online,Nuevo León
2026-04-16,Smart TV 55'',Electrónica,1,11499,11499,Online,Chihuahua
2026-04-16,Set Ciencia Experimentos,Juguetes,2,629,1258,Marketplace,CDMX
2026-04-16,Consola Next X,Electrónica,3,13999,41997,Tienda física,CDMX
2026-04-16,Yoga Mat Premium,Deportes,1,648.50,648.50,Online,CDMX
2026-04-17,Sudadera Hoodie Urban,Moda,1,898.50,898.50,Móvil App,Puebla
2026-04-17,Chamarra Denim Classic,Moda,2,1298.50,2597,Online,Puebla
2026-04-17,Kit Bandas Elásticas,Deportes,1,299,299,Online,Puebla
2026-04-17,Crema Hidratante Aloe,Belleza,3,292,876,Tienda física,Yucatán
2026-04-17,Chamarra Denim Classic,Moda,2,1104,2208,Marketplace,Chihuahua
2026-04-17,Audífonos ANC Studio,Electrónica,1,2498.50,2498.50,Online,CDMX
2026-04-17,Perfume Noir Intense 100ml,Belleza,2,1899,3798,Móvil App,Puebla
2026-04-17,Lámpara LED Inteligente,Hogar,2,548.50,1097,Tienda física,CDMX
2026-04-18,Smart TV 55'',Electrónica,1,11499,11499,Tienda física,Jalisco
2026-04-18,Kit Bandas Elásticas,Deportes,1,299,299,Marketplace,Jalisco
2026-04-18,Consola Next X,Electrónica,2,13998.50,27997,Online,Chihuahua
2026-04-18,Aspiradora Robot Clean+,Hogar,1,5998.50,5998.50,Móvil App,Nuevo León
2026-04-18,Banda de Correr Plegable,Deportes,2,12499,24998,Online,Chihuahua
2026-04-18,Lentes de Sol Retro,Moda,1,759,759,Online,Jalisco
2026-04-19,Consola Next X,Electrónica,2,13999,27998,Online,CDMX
2026-04-19,Set de Sábanas Queen 600h,Hogar,1,959,959,Online,Puebla
2026-04-19,Barra de Sonido 2.1,Electrónica,4,3499,13996,Marketplace,Yucatán
2026-04-19,Mancuernas Ajustables 10kg,Deportes,4,999,3996,Tienda física,Yucatán
2026-04-19,Smartwatch Fit 3,Electrónica,3,3299,9897,Tienda física,Nuevo León
2026-04-19,Mancuernas Ajustables 10kg,Deportes,2,999,1998,Marketplace,Yucatán
2026-04-19,Bicicleta Urbana R26,Deportes,1,7999,7999,Móvil App,Jalisco
2026-04-20,Set Ciencia Experimentos,Juguetes,2,535,1070,Online,Jalisco
2026-04-20,Camiseta Basic Cotton,Moda,2,319,638,Online,Nuevo León
2026-04-20,Perfume Noir Intense 100ml,Belleza,2,1899,3798,Móvil App,CDMX
2026-04-20,Bloques Creativos 500pz,Juguetes,1,719,719,Tienda física,CDMX
2026-04-20,Consola Next X,Electrónica,1,13999,13999,Online,CDMX
2026-04-20,Paleta de Sombras Nude,Belleza,3,499,1497,Online,Yucatán
2026-04-21,Set Ciencia Experimentos,Juguetes,3,629,1887,Tienda física,Nuevo León
2026-04-21,Casco Ciclismo Aero,Deportes,1,1299,1299,Móvil App,Jalisco
2026-04-21,Pantalón Chino Slim,Moda,1,949,949,Móvil App,Yucatán
2026-04-21,Smart TV 55'',Electrónica,2,11499,22998,Online,Yucatán
2026-04-21,Lámpara LED Inteligente,Hogar,1,549,549,Marketplace,Yucatán
2026-04-22,Smartphone X5,Electrónica,3,8999,26997,Online,CDMX
2026-04-22,Rizador de Pelas Digital,Belleza,2,764,1528,Marketplace,Jalisco
2026-04-22,Mancuernas Ajustables 10kg,Deportes,1,749,749,Móvil App,CDMX
2026-04-22,Smartwatch Fit 3,Electrónica,2,3298.50,6597,Online,Jalisco
2026-04-22,Yoga Mat Premium,Deportes,2,649,1298,Móvil App,Jalisco
2026-04-23,Tablet Galaxy 10",Electrónica,1,6499,6499,Online,Nuevo León
2026-04-23,Smartphone X5,Electrónica,2,8999,17998,Marketplace,CDMX
2026-04-23,Teclado Mecánico RGB,Electrónica,3,1199,3597,Marketplace,Yucatán
2026-04-23,Cámara Action Go,Electrónica,2,7999,15998,Marketplace,CDMX
2026-04-24,Barra de Sonido 2.1,Electrónica,1,3499,3499,Online,Nuevo León
2026-04-24,Lámpara LED Inteligente,Hogar,1,549,549,Móvil App,Jalisco
2026-04-24,Set Ciencia Experimentos,Juguetes,2,628.50,1257,Marketplace,CDMX
2026-04-24,Bicicleta Urbana R26,Deportes,1,7999,7999,Móvil App,Nuevo León
2026-04-24,Crema Hidratante Aloe,Belleza,2,370,740,Marketplace,Yucatán
2026-04-24,Crema Hidratante Aloe,Belleza,3,389,1167,Online,Nuevo León
2026-04-24,Barra de Sonido 2.1,Electrónica,2,3499,6998,Tienda física,Jalisco
2026-04-25,Bloques Creativos 500pz,Juguetes,1,898.50,898.50,Marketplace,Jalisco
2026-04-26,Bicicleta Urbana R26,Deportes,1,6399,6399,Marketplace,Nuevo León
2026-04-26,Barra de Sonido 2.1,Electrónica,3,3499,10497,Tienda física,Yucatán
2026-04-26,Barra de Sonido 2.1,Electrónica,1,3499,3499,Online,CDMX
2026-04-26,Sudadera Hoodie Urban,Moda,2,898.50,1797,Online,Nuevo León
2026-04-26,Paleta de Sombras Nude,Belleza,2,499,998,Marketplace,Jalisco
2026-04-27,Yoga Mat Premium,Deportes,6,649,3894,Marketplace,CDMX
2026-04-27,Rizador de Pelas Digital,Belleza,1,809,809,Tienda física,Nuevo León
2026-04-27,Kit Bandas Elásticas,Deportes,1,299,299,Tienda física,Chihuahua
2026-04-27,Consola Next X,Electrónica,2,13998.50,27997,Online,Yucatán
2026-04-27,Secadora Iónica 2200W,Belleza,3,1499,4497,Online,Chihuahua
2026-04-27,Serum Vitamina C 30ml,Belleza,2,659,1318,Online,Chihuahua
2026-04-28,Sudadera Hoodie Urban,Moda,2,899,1798,Online,CDMX
2026-04-28,Laptop Pro 14,Electrónica,1,16149,16149,Tienda física,Chihuahua
2026-04-28,Secadora Iónica 2200W,Belleza,2,1499,2998,Móvil App,Yucatán
2026-04-28,Rizador de Pelas Digital,Belleza,2,898.50,1797,Online,Jalisco
2026-04-28,Laptop Pro 14,Electrónica,1,18999,18999,Online,Chihuahua
2026-04-28,Balón Soccer Pro FIFA,Deportes,1,549,549,Online,Chihuahua
2026-04-28,Tablet Galaxy 10",Electrónica,1,6499,6499,Marketplace,Puebla
2026-04-29,Camiseta Basic Cotton,Moda,4,399,1596,Online,CDMX
2026-04-29,Tablet Galaxy 10",Electrónica,1,5199,5199,Online,Jalisco
2026-04-29,Peluche Oso Gigante 1.5m,Juguetes,2,549,1098,Móvil App,Yucatán
2026-04-29,Perfume Noir Intense 100ml,Belleza,1,1899,1899,Marketplace,Jalisco
2026-04-29,Audífonos ANC Studio,Electrónica,3,2499,7497,Tienda física,CDMX
2026-04-29,Juego de Mesa Familiar,Juguetes,1,449,449,Online,Chihuahua
2026-04-29,Paleta de Sombras Nude,Belleza,2,499,998,Tienda física,CDMX
2026-04-29,Bloques Creativos 500pz,Juguetes,1,898.50,898.50,Tienda física,Chihuahua
2026-04-29,Smart TV 55'',Electrónica,1,9199,9199,Online,CDMX
2026-04-30,Pantalón Chino Slim,Moda,1,712,712,Marketplace,CDMX
2026-04-30,Tablet Galaxy 10",Electrónica,1,6499,6499,Móvil App,Puebla
2026-04-30,Bicicleta Urbana R26,Deportes,1,7998.50,7998.50,Online,Chihuahua
2026-04-30,Tenis Runner Air,Moda,1,2199,2199,Marketplace,Yucatán
2026-04-30,Crema Hidratante Aloe,Belleza,3,389,1167,Marketplace,Puebla
2026-04-30,Smartphone X5,Electrónica,4,8998.50,35994,Móvil App,CDMX
2026-04-30,Aspiradora Robot Clean+,Hogar,1,5999,5999,Móvil App,Puebla
2026-04-30,Perfume Noir Intense 100ml,Belleza,1,1709,1709,Online,CDMX
2026-05-01,Consola Next X,Electrónica,1,13999,13999,Marketplace,Jalisco
2026-05-01,Aspiradora Robot Clean+,Hogar,3,5999,17997,Online,Yucatán
2026-05-01,Bicicleta Urbana R26,Deportes,1,7999,7999,Tienda física,Nuevo León
2026-05-01,Lentes de Sol Retro,Moda,2,759,1518,Online,Yucatán
2026-05-01,Laptop Pro 14,Electrónica,1,18999,18999,Online,Jalisco
2026-05-01,Vestido Floral Summer,Moda,1,1044,1044,Online,Yucatán
2026-05-02,Rizador de Pelas Digital,Belleza,1,898.50,898.50,Móvil App,Nuevo León
2026-05-02,Kit Bandas Elásticas,Deportes,1,299,299,Online,Puebla
2026-05-03,Camiseta Basic Cotton,Moda,4,399,1596,Online,Chihuahua
2026-05-03,Set de Sábanas Queen 600h,Hogar,4,1199,4796,Tienda física,CDMX
2026-05-03,Pantalón Chino Slim,Moda,1,949,949,Marketplace,CDMX
2026-05-03,Audífonos ANC Studio,Electrónica,1,2374,2374,Online,Nuevo León
2026-05-03,Casco Ciclismo Aero,Deportes,1,1298.50,1298.50,Marketplace,Chihuahua
2026-05-04,Peluche Oso Gigante 1.5m,Juguetes,2,548.50,1097,Tienda física,Puebla
2026-05-04,Consola Next X,Electrónica,1,13999,13999,Online,Nuevo León
2026-05-04,Licuadora Turbo 1200W,Hogar,1,1699,1699,Tienda física,Yucatán
2026-05-04,Lentes de Sol Retro,Moda,2,759,1518,Móvil App,Jalisco
2026-05-04,Rizador de Pelas Digital,Belleza,1,898.50,898.50,Móvil App,Jalisco
2026-05-04,Consola Next X,Electrónica,1,13998.50,13998.50,Tienda física,Nuevo León
2026-05-04,Licuadora Turbo 1200W,Hogar,1,1698.50,1698.50,Marketplace,Jalisco
2026-05-04,Aspiradora Robot Clean+,Hogar,1,5999,5999,Online,Chihuahua
2026-05-05,Peluche Oso Gigante 1.5m,Juguetes,1,467,467,Online,CDMX
2026-05-05,Licuadora Turbo 1200W,Hogar,1,1614,1614,Tienda física,Yucatán
2026-05-05,Smart TV 55'',Electrónica,1,11499,11499,Marketplace,Yucatán
2026-05-05,Juego de Ollas Antiadherentes,Hogar,3,2399,7197,Marketplace,Yucatán
2026-05-05,Tablet Galaxy 10",Electrónica,1,6499,6499,Online,Jalisco
2026-05-06,Laptop Pro 14,Electrónica,5,17099,85495,Online,Jalisco
2026-05-06,Pantalón Chino Slim,Moda,1,949,949,Móvil App,Yucatán
2026-05-06,Set de Sábanas Queen 600h,Hogar,1,1199,1199,Online,CDMX
2026-05-06,Crema Hidratante Aloe,Belleza,2,370,740,Marketplace,Jalisco
2026-05-06,Purificador de Aire Mini,Hogar,1,2754,2754,Online,Jalisco
2026-05-06,Bloques Creativos 500pz,Juguetes,1,854,854,Tienda física,CDMX
2026-05-06,Laptop Pro 14,Electrónica,3,18999,56997,Tienda física,Jalisco
2026-05-06,Bicicleta Urbana R26,Deportes,1,7999,7999,Online,Puebla
2026-05-07,Lámpara LED Inteligente,Hogar,2,549,1098,Tienda física,Yucatán
2026-05-07,Dron Junior HD,Juguetes,1,1599,1599,Móvil App,CDMX
2026-05-07,Lentes de Sol Retro,Moda,3,683,2049,Móvil App,CDMX
2026-05-07,Licuadora Turbo 1200W,Hogar,2,1699,3398,Online,Puebla
2026-05-08,Juego de Mesa Familiar,Juguetes,2,404,808,Tienda física,Puebla
2026-05-08,Consola Next X,Electrónica,1,13999,13999,Marketplace,Yucatán
2026-05-08,Banda de Correr Plegable,Deportes,1,11249,11249,Online,Puebla
2026-05-08,Balón Soccer Pro FIFA,Deportes,1,549,549,Marketplace,CDMX
2026-05-08,Smart TV 55'',Electrónica,2,11499,22998,Marketplace,CDMX
2026-05-08,Consola Next X,Electrónica,2,13999,27998,Online,CDMX
2026-05-08,Audífonos ANC Studio,Electrónica,1,2374,2374,Tienda física,Jalisco
2026-05-08,Pantalón Chino Slim,Moda,1,807,807,Marketplace,Chihuahua
2026-05-08,Chamarra Denim Classic,Moda,1,1299,1299,Marketplace,CDMX
2026-05-09,Bolso de Cuero Milano,Moda,2,1519,3038,Online,Nuevo León
2026-05-09,Auto RC Turbo Rally,Juguetes,1,779,779,Online,CDMX
2026-05-09,Cafetera Espresso Deluxe,Hogar,1,4599,4599,Tienda física,CDMX
2026-05-09,Laptop Pro 14,Electrónica,1,18998.50,18998.50,Móvil App,Nuevo León
2026-05-09,Bicicleta Urbana R26,Deportes,2,7999,15998,Online,Jalisco
2026-05-09,Kit Bandas Elásticas,Deportes,1,239,239,Online,CDMX
2026-05-10,Mancuernas Ajustables 10kg,Deportes,1,998.50,998.50,Tienda física,Jalisco
2026-05-11,Teclado Mecánico RGB,Electrónica,5,1599,7995,Móvil App,Nuevo León
2026-05-11,Lentes de Sol Retro,Moda,2,759,1518,Online,Jalisco
2026-05-11,Auto RC Turbo Rally,Juguetes,3,779,2337,Tienda física,Chihuahua
2026-05-12,Purificador de Aire Mini,Hogar,3,2899,8697,Online,Nuevo León
2026-05-12,Purificador de Aire Mini,Hogar,1,2899,2899,Marketplace,CDMX
2026-05-12,Cafetera Espresso Deluxe,Hogar,1,4369,4369,Online,Yucatán
2026-05-12,Laptop Pro 14,Electrónica,1,15199,15199,Marketplace,Chihuahua
2026-05-12,Rizador de Pelas Digital,Belleza,1,899,899,Tienda física,Jalisco
2026-05-12,Smart TV 55'',Electrónica,5,9774,48870,Marketplace,CDMX
2026-05-12,Aspiradora Robot Clean+,Hogar,2,5998.50,11997,Online,CDMX
2026-05-12,Bloques Creativos 500pz,Juguetes,1,674,674,Móvil App,Nuevo León
2026-05-13,Tenis Runner Air,Moda,3,2198.50,6595.50,Online,Jalisco
2026-05-13,Vestido Floral Summer,Moda,1,1099,1099,Marketplace,Chihuahua
2026-05-13,Peluche Oso Gigante 1.5m,Juguetes,3,549,1647,Marketplace,CDMX
2026-05-13,Aspiradora Robot Clean+,Hogar,1,4499,4499,Tienda física,Nuevo León
2026-05-13,Rizador de Pelas Digital,Belleza,3,899,2697,Online,Chihuahua
2026-05-14,Consola Next X,Electrónica,1,13998.50,13998.50,Móvil App,Jalisco
2026-05-14,Audífonos ANC Studio,Electrónica,2,2499,4998,Online,Nuevo León
2026-05-14,Rizador de Pelas Digital,Belleza,1,899,899,Móvil App,Jalisco
2026-05-14,Secadora Iónica 2200W,Belleza,1,1349,1349,Online,Yucatán
2026-05-15,Barra de Sonido 2.1,Electrónica,1,3499,3499,Online,CDMX
2026-05-15,Kit Bandas Elásticas,Deportes,1,299,299,Tienda física,CDMX
2026-05-15,Banda de Correr Plegable,Deportes,2,12499,24998,Online,Jalisco
2026-05-15,Bloques Creativos 500pz,Juguetes,1,899,899,Online,CDMX
2026-05-16,Perfume Noir Intense 100ml,Belleza,1,1899,1899,Online,Nuevo León
2026-05-16,Smartphone X5,Electrónica,2,8099,16198,Móvil App,Jalisco
2026-05-16,Cafetera Espresso Deluxe,Hogar,1,4599,4599,Marketplace,Puebla
2026-05-16,Bloques Creativos 500pz,Juguetes,1,899,899,Tienda física,CDMX
2026-05-16,Perfume Noir Intense 100ml,Belleza,1,1899,1899,Tienda física,Jalisco
2026-05-16,Barra de Sonido 2.1,Electrónica,1,3499,3499,Online,Puebla
2026-05-17,Juego de Ollas Antiadherentes,Hogar,1,2399,2399,Marketplace,Puebla
2026-05-17,Lámpara LED Inteligente,Hogar,1,412,412,Marketplace,CDMX
2026-05-17,Perfume Noir Intense 100ml,Belleza,1,1899,1899,Online,Puebla
2026-05-17,Crema Hidratante Aloe,Belleza,3,389,1167,Móvil App,Nuevo León
2026-05-17,Aspiradora Robot Clean+,Hogar,1,5998.50,5998.50,Online,CDMX
2026-05-17,Lentes de Sol Retro,Moda,1,759,759,Marketplace,Nuevo León
2026-05-17,Audífonos ANC Studio,Electrónica,1,2498.50,2498.50,Marketplace,Jalisco
2026-05-18,Dron Junior HD,Juguetes,1,1599,1599,Tienda física,Nuevo León
2026-05-18,Banda de Correr Plegable,Deportes,1,9374,9374,Móvil App,Jalisco
2026-05-18,Smart TV 55'',Electrónica,3,11499,34497,Online,CDMX
2026-05-18,Barra de Sonido 2.1,Electrónica,2,2974,5948,Marketplace,CDMX
2026-05-18,Rizador de Pelas Digital,Belleza,1,854,854,Online,CDMX
2026-05-18,Bicicleta Urbana R26,Deportes,1,6799,6799,Móvil App,Chihuahua
2026-05-18,Secadora Iónica 2200W,Belleza,1,1499,1499,Online,Nuevo León
2026-05-18,Casco Ciclismo Aero,Deportes,5,1298.50,6492.50,Marketplace,Puebla
2026-05-19,Laptop Pro 14,Electrónica,1,15199,15199,Online,CDMX
2026-05-19,Kit Bandas Elásticas,Deportes,1,254,254,Tienda física,CDMX
2026-05-19,Serum Vitamina C 30ml,Belleza,4,659,2636,Tienda física,Jalisco
2026-05-19,Licuadora Turbo 1200W,Hogar,1,1614,1614,Móvil App,Puebla
2026-05-19,Teclado Mecánico RGB,Electrónica,2,1599,3198,Marketplace,Yucatán
2026-05-19,Dron Junior HD,Juguetes,1,1439,1439,Marketplace,Yucatán
2026-05-19,Sudadera Hoodie Urban,Moda,2,898.50,1797,Online,Yucatán
2026-05-19,Kit Bandas Elásticas,Deportes,2,284,568,Online,CDMX
2026-05-20,Audífonos ANC Studio,Electrónica,6,2498.50,14991,Marketplace,Jalisco
2026-05-20,Smartwatch Fit 3,Electrónica,1,3299,3299,Móvil App,Chihuahua
2026-05-20,Juego de Mesa Familiar,Juguetes,1,449,449,Tienda física,CDMX
2026-05-21,Lámpara LED Inteligente,Hogar,6,549,3294,Tienda física,Jalisco
2026-05-21,Smartphone X5,Electrónica,2,8998.50,17997,Móvil App,CDMX
2026-05-21,Banda de Correr Plegable,Deportes,1,10624,10624,Online,CDMX
2026-05-21,Aspiradora Robot Clean+,Hogar,1,5999,5999,Online,Nuevo León
2026-05-21,Sudadera Hoodie Urban,Moda,1,674,674,Marketplace,CDMX
2026-05-21,Bloques Creativos 500pz,Juguetes,2,899,1798,Tienda física,CDMX
2026-05-22,Casco Ciclismo Aero,Deportes,1,1299,1299,Marketplace,CDMX
2026-05-22,Smartphone X5,Electrónica,4,8999,35996,Online,CDMX
2026-05-22,Auto RC Turbo Rally,Juguetes,2,779,1558,Marketplace,Nuevo León
2026-05-22,Bloques Creativos 500pz,Juguetes,2,899,1798,Online,Chihuahua
2026-05-23,Bicicleta Urbana R26,Deportes,1,7999,7999,Online,Nuevo León
2026-05-23,Sudadera Hoodie Urban,Moda,1,899,899,Tienda física,CDMX
2026-05-23,Perfume Noir Intense 100ml,Belleza,2,1804,3608,Online,CDMX
2026-05-23,Peluche Oso Gigante 1.5m,Juguetes,2,549,1098,Móvil App,Nuevo León
2026-05-23,Set de Sábanas Queen 600h,Hogar,1,1139,1139,Móvil App,CDMX
2026-05-23,Sudadera Hoodie Urban,Moda,2,898.50,1797,Online,CDMX
2026-05-23,Chamarra Denim Classic,Moda,1,1299,1299,Tienda física,Puebla
2026-05-23,Perfume Noir Intense 100ml,Belleza,1,1899,1899,Marketplace,Yucatán
2026-05-23,Paleta de Sombras Nude,Belleza,1,499,499,Online,CDMX
2026-05-23,Juego de Mesa Familiar,Juguetes,5,449,2245,Móvil App,CDMX
2026-05-24,Cafetera Espresso Deluxe,Hogar,3,4599,13797,Online,Puebla
2026-05-24,Paleta de Sombras Nude,Belleza,1,499,499,Tienda física,Yucatán
2026-05-24,Tenis Runner Air,Moda,1,2089,2089,Online,Chihuahua
2026-05-24,Casco Ciclismo Aero,Deportes,1,1299,1299,Móvil App,CDMX
2026-05-24,Aspiradora Robot Clean+,Hogar,1,5998.50,5998.50,Marketplace,Nuevo León
2026-05-24,Serum Vitamina C 30ml,Belleza,3,658.50,1975.50,Online,CDMX
2026-05-25,Audífonos ANC Studio,Electrónica,1,2498.50,2498.50,Marketplace,Jalisco
2026-05-25,Smartwatch Fit 3,Electrónica,1,3299,3299,Tienda física,Nuevo León
2026-05-25,Sudadera Hoodie Urban,Moda,3,854,2562,Online,CDMX
2026-05-25,Juego de Mesa Familiar,Juguetes,1,449,449,Móvil App,CDMX
2026-05-25,Tablet Galaxy 10",Electrónica,4,6499,25996,Móvil App,Nuevo León
2026-05-25,Paleta de Sombras Nude,Belleza,2,399,798,Online,Jalisco
2026-05-25,Balón Soccer Pro FIFA,Deportes,1,549,549,Marketplace,Yucatán
2026-05-25,Aspiradora Robot Clean+,Hogar,5,5999,29995,Móvil App,Nuevo León
2026-05-26,Teclado Mecánico RGB,Electrónica,2,1598.50,3197,Tienda física,CDMX
2026-05-26,Laptop Pro 14,Electrónica,1,18049,18049,Tienda física,Chihuahua
2026-05-26,Bicicleta Urbana R26,Deportes,2,6799,13598,Tienda física,Chihuahua
2026-05-26,Juego de Mesa Familiar,Juguetes,1,449,449,Online,Chihuahua
2026-05-26,Set de Sábanas Queen 600h,Hogar,1,1199,1199,Marketplace,Jalisco
2026-05-26,Tenis Runner Air,Moda,2,2198.50,4397,Online,Puebla
2026-05-26,Smartwatch Fit 3,Electrónica,1,2804,2804,Online,CDMX
2026-05-26,Licuadora Turbo 1200W,Hogar,2,1699,3398,Marketplace,CDMX
2026-05-27,Licuadora Turbo 1200W,Hogar,1,1698.50,1698.50,Online,Puebla
2026-05-27,Secadora Iónica 2200W,Belleza,2,1499,2998,Tienda física,Yucatán
2026-05-27,Kit Bandas Elásticas,Deportes,1,299,299,Tienda física,Nuevo León
2026-05-27,Camiseta Basic Cotton,Moda,2,399,798,Online,Jalisco
2026-05-28,Peluche Oso Gigante 1.5m,Juguetes,1,548.50,548.50,Marketplace,Nuevo León
2026-05-28,Purificador de Aire Mini,Hogar,1,2319,2319,Online,Chihuahua
2026-05-28,Lámpara LED Inteligente,Hogar,1,548.50,548.50,Móvil App,CDMX
2026-05-28,Laptop Pro 14,Electrónica,1,18998.50,18998.50,Online,Jalisco
2026-05-28,Rizador de Pelas Digital,Belleza,1,899,899,Móvil App,Puebla
2026-05-29,Tenis Runner Air,Moda,1,2199,2199,Online,Nuevo León
2026-05-29,Teclado Mecánico RGB,Electrónica,2,1279,2558,Marketplace,Jalisco
2026-05-29,Yoga Mat Premium,Deportes,6,649,3894,Tienda física,CDMX
2026-05-29,Smartphone X5,Electrónica,1,8999,8999,Online,Chihuahua
2026-05-29,Tablet Galaxy 10",Electrónica,1,5199,5199,Tienda física,CDMX
2026-05-30,Consola Next X,Electrónica,2,13999,27998,Marketplace,CDMX
2026-05-30,Bolso de Cuero Milano,Moda,2,1899,3798,Online,Chihuahua
2026-05-30,Mancuernas Ajustables 10kg,Deportes,1,999,999,Tienda física,CDMX
2026-05-30,Lámpara LED Inteligente,Hogar,2,549,1098,Online,CDMX
2026-05-30,Lámpara LED Inteligente,Hogar,1,439,439,Online,Puebla
2026-05-30,Purificador de Aire Mini,Hogar,1,2899,2899,Marketplace,Nuevo León
2026-05-31,Set de Sábanas Queen 600h,Hogar,2,1198.50,2397,Online,Yucatán
2026-05-31,Cámara Action Go,Electrónica,1,7999,7999,Móvil App,Nuevo León
2026-05-31,Smart TV 55'',Electrónica,1,11499,11499,Marketplace,Jalisco
2026-05-31,Peluche Oso Gigante 1.5m,Juguetes,1,412,412,Marketplace,Yucatán
2026-05-31,Juego de Mesa Familiar,Juguetes,2,449,898,Marketplace,Yucatán
2026-06-01,Balón Soccer Pro FIFA,Deportes,1,549,549,Online,CDMX
2026-06-01,Lámpara LED Inteligente,Hogar,2,549,1098,Online,Jalisco
2026-06-01,Lentes de Sol Retro,Moda,2,645,1290,Marketplace,CDMX
2026-06-01,Casco Ciclismo Aero,Deportes,1,1299,1299,Tienda física,CDMX
2026-06-01,Bolso de Cuero Milano,Moda,1,1899,1899,Marketplace,Yucatán
2026-06-01,Set Ciencia Experimentos,Juguetes,1,535,535,Online,Chihuahua
2026-06-02,Laptop Pro 14,Electrónica,2,18999,37998,Online,Yucatán
2026-06-02,Bolso de Cuero Milano,Moda,1,1899,1899,Online,CDMX
2026-06-02,Cámara Action Go,Electrónica,3,7999,23997,Tienda física,Puebla
2026-06-02,Juego de Ollas Antiadherentes,Hogar,3,2399,7197,Online,CDMX
2026-06-02,Juego de Ollas Antiadherentes,Hogar,1,2039,2039,Tienda física,Chihuahua
2026-06-03,Laptop Pro 14,Electrónica,5,18998.50,94992.50,Móvil App,Chihuahua
2026-06-03,Laptop Pro 14,Electrónica,1,18999,18999,Online,Puebla
2026-06-04,Chamarra Denim Classic,Moda,1,1299,1299,Online,CDMX
2026-06-04,Yoga Mat Premium,Deportes,1,648.50,648.50,Online,Yucatán
2026-06-04,Barra de Sonido 2.1,Electrónica,1,2799,2799,Online,Puebla
2026-06-04,Set Ciencia Experimentos,Juguetes,1,628.50,628.50,Online,Yucatán
2026-06-04,Bicicleta Urbana R26,Deportes,3,7998.50,23995.50,Online,Nuevo León
2026-06-04,Smart TV 55'',Electrónica,2,11499,22998,Online,Jalisco
2026-06-05,Teclado Mecánico RGB,Electrónica,6,1598.50,9591,Marketplace,Yucatán
2026-06-05,Cafetera Espresso Deluxe,Hogar,1,4369,4369,Online,Nuevo León
2026-06-06,Bicicleta Urbana R26,Deportes,1,7199,7199,Online,Puebla
2026-06-06,Cámara Action Go,Electrónica,3,6799,20397,Online,Yucatán
2026-06-06,Bloques Creativos 500pz,Juguetes,2,898.50,1797,Online,Jalisco
2026-06-06,Set Ciencia Experimentos,Juguetes,2,535,1070,Tienda física,Puebla
2026-06-07,Laptop Pro 14,Electrónica,2,18049,36098,Móvil App,Jalisco
2026-06-07,Teclado Mecánico RGB,Electrónica,2,1599,3198,Online,Nuevo León
2026-06-07,Consola Next X,Electrónica,2,12599,25198,Tienda física,Puebla
2026-06-07,Perfume Noir Intense 100ml,Belleza,1,1899,1899,Móvil App,Jalisco
2026-06-07,Bolso de Cuero Milano,Moda,2,1709,3418,Marketplace,Puebla
2026-06-07,Smart TV 55'',Electrónica,1,11499,11499,Online,CDMX
2026-06-07,Kit Bandas Elásticas,Deportes,1,299,299,Tienda física,Jalisco
2026-06-07,Purificador de Aire Mini,Hogar,2,2899,5798,Móvil App,CDMX
2026-06-08,Licuadora Turbo 1200W,Hogar,2,1698.50,3397,Marketplace,Jalisco
2026-06-08,Licuadora Turbo 1200W,Hogar,2,1698.50,3397,Online,Yucatán
2026-06-08,Lámpara LED Inteligente,Hogar,2,522,1044,Móvil App,Jalisco
2026-06-09,Balón Soccer Pro FIFA,Deportes,2,439,878,Móvil App,CDMX
2026-06-09,Purificador de Aire Mini,Hogar,1,2899,2899,Móvil App,CDMX
2026-06-09,Bloques Creativos 500pz,Juguetes,3,674,2022,Marketplace,Puebla
2026-06-09,Tenis Runner Air,Moda,1,1869,1869,Tienda física,CDMX
2026-06-09,Smart TV 55'',Electrónica,5,11499,57495,Tienda física,Nuevo León
2026-06-09,Lámpara LED Inteligente,Hogar,2,549,1098,Online,CDMX
2026-06-10,Serum Vitamina C 30ml,Belleza,2,626,1252,Online,CDMX
2026-06-10,Teclado Mecánico RGB,Electrónica,2,1599,3198,Online,Puebla
2026-06-10,Laptop Pro 14,Electrónica,2,14249,28498,Online,CDMX
2026-06-10,Consola Next X,Electrónica,1,11199,11199,Marketplace,Nuevo León
2026-06-11,Yoga Mat Premium,Deportes,2,648.50,1297,Online,Jalisco
2026-06-11,Peluche Oso Gigante 1.5m,Juguetes,1,548.50,548.50,Marketplace,Nuevo León
2026-06-11,Mancuernas Ajustables 10kg,Deportes,1,799,799,Marketplace,Nuevo León
2026-06-11,Teclado Mecánico RGB,Electrónica,1,1599,1599,Marketplace,Nuevo León
2026-06-11,Paleta de Sombras Nude,Belleza,1,499,499,Tienda física,Jalisco
2026-06-11,Perfume Noir Intense 100ml,Belleza,1,1709,1709,Marketplace,Chihuahua
2026-06-11,Cámara Action Go,Electrónica,3,6399,19197,Móvil App,Nuevo León
2026-06-12,Set Ciencia Experimentos,Juguetes,1,629,629,Marketplace,Jalisco
2026-06-12,Purificador de Aire Mini,Hogar,2,2899,5798,Marketplace,CDMX
2026-06-12,Casco Ciclismo Aero,Deportes,3,1298.50,3895.50,Móvil App,Jalisco
2026-06-12,Crema Hidratante Aloe,Belleza,3,389,1167,Móvil App,Chihuahua
2026-06-12,Cámara Action Go,Electrónica,1,6799,6799,Tienda física,CDMX
2026-06-12,Teclado Mecánico RGB,Electrónica,1,1599,1599,Online,Chihuahua
2026-06-12,Set Ciencia Experimentos,Juguetes,1,629,629,Móvil App,Nuevo León
2026-06-12,Tablet Galaxy 10",Electrónica,2,6499,12998,Online,CDMX
2026-06-13,Peluche Oso Gigante 1.5m,Juguetes,2,549,1098,Online,Jalisco
2026-06-13,Lentes de Sol Retro,Moda,1,683,683,Móvil App,Jalisco
2026-06-13,Cafetera Espresso Deluxe,Hogar,3,4598.50,13795.50,Marketplace,CDMX
2026-06-13,Set Ciencia Experimentos,Juguetes,2,629,1258,Online,CDMX
2026-06-13,Perfume Noir Intense 100ml,Belleza,4,1899,7596,Marketplace,Yucatán
2026-06-13,Smart TV 55'',Electrónica,1,9774,9774,Online,Jalisco
2026-06-13,Camiseta Basic Cotton,Moda,1,399,399,Online,CDMX
2026-06-14,Mancuernas Ajustables 10kg,Deportes,1,999,999,Marketplace,Jalisco
2026-06-14,Paleta de Sombras Nude,Belleza,1,399,399,Online,Jalisco
2026-06-14,Yoga Mat Premium,Deportes,2,617,1234,Online,Chihuahua
2026-06-14,Sudadera Hoodie Urban,Moda,4,764,3056,Móvil App,Puebla
2026-06-14,Smart TV 55'',Electrónica,2,11499,22998,Tienda física,Chihuahua
2026-06-15,Smart TV 55'',Electrónica,1,11499,11499,Online,Chihuahua
2026-06-15,Smartphone X5,Electrónica,1,8999,8999,Online,Jalisco
2026-06-15,Set Ciencia Experimentos,Juguetes,2,472,944,Marketplace,Nuevo León
2026-06-15,Barra de Sonido 2.1,Electrónica,2,3324,6648,Tienda física,CDMX
2026-06-15,Aspiradora Robot Clean+,Hogar,1,5998.50,5998.50,Online,Jalisco
2026-06-15,Perfume Noir Intense 100ml,Belleza,1,1899,1899,Marketplace,Puebla
2026-06-16,Bloques Creativos 500pz,Juguetes,2,899,1798,Tienda física,Nuevo León
2026-06-16,Chamarra Denim Classic,Moda,3,1299,3897,Online,CDMX
2026-06-16,Smartwatch Fit 3,Electrónica,1,3299,3299,Móvil App,CDMX
2026-06-16,Bloques Creativos 500pz,Juguetes,1,899,899,Marketplace,Yucatán
2026-06-16,Lámpara LED Inteligente,Hogar,3,549,1647,Tienda física,CDMX
2026-06-16,Tenis Runner Air,Moda,3,2198.50,6595.50,Online,Chihuahua
2026-06-16,Set de Sábanas Queen 600h,Hogar,1,1199,1199,Tienda física,CDMX
2026-06-16,Paleta de Sombras Nude,Belleza,1,499,499,Online,CDMX
2026-06-17,Juego de Mesa Familiar,Juguetes,1,449,449,Móvil App,CDMX
2026-06-17,Tenis Runner Air,Moda,2,2198.50,4397,Marketplace,Nuevo León
2026-06-17,Perfume Noir Intense 100ml,Belleza,1,1424,1424,Online,CDMX
2026-06-17,Juego de Mesa Familiar,Juguetes,1,449,449,Marketplace,CDMX
2026-06-17,Secadora Iónica 2200W,Belleza,1,1499,1499,Móvil App,Nuevo León
2026-06-17,Set Ciencia Experimentos,Juguetes,3,629,1887,Online,CDMX
2026-06-18,Rizador de Pelas Digital,Belleza,2,764,1528,Online,Puebla
2026-06-18,Smartwatch Fit 3,Electrónica,2,2804,5608,Marketplace,Puebla
2026-06-18,Chamarra Denim Classic,Moda,2,1299,2598,Online,Jalisco
2026-06-18,Sudadera Hoodie Urban,Moda,1,854,854,Tienda física,Jalisco
2026-06-18,Barra de Sonido 2.1,Electrónica,3,3499,10497,Móvil App,Nuevo León
2026-06-18,Bicicleta Urbana R26,Deportes,1,7999,7999,Tienda física,Chihuahua
2026-06-19,Lentes de Sol Retro,Moda,2,759,1518,Móvil App,Yucatán
2026-06-19,Set Ciencia Experimentos,Juguetes,1,629,629,Online,Nuevo León
2026-06-19,Perfume Noir Intense 100ml,Belleza,2,1709,3418,Tienda física,CDMX
2026-06-19,Banda de Correr Plegable,Deportes,2,9374,18748,Online,Jalisco
2026-06-19,Banda de Correr Plegable,Deportes,1,12499,12499,Tienda física,Jalisco
2026-06-19,Paleta de Sombras Nude,Belleza,2,499,998,Online,Puebla
2026-06-19,Bloques Creativos 500pz,Juguetes,1,764,764,Online,Jalisco
2026-06-19,Dron Junior HD,Juguetes,1,1519,1519,Marketplace,Jalisco
2026-06-20,Lentes de Sol Retro,Moda,1,759,759,Tienda física,Chihuahua
2026-06-20,Set Ciencia Experimentos,Juguetes,1,628.50,628.50,Marketplace,Yucatán
2026-06-20,Purificador de Aire Mini,Hogar,2,2464,4928,Tienda física,CDMX
2026-06-20,Smartwatch Fit 3,Electrónica,2,2639,5278,Online,CDMX
2026-06-21,Licuadora Turbo 1200W,Hogar,2,1699,3398,Online,Jalisco
2026-06-21,Dron Junior HD,Juguetes,2,1279,2558,Online,Jalisco
2026-06-21,Rizador de Pelas Digital,Belleza,1,898.50,898.50,Tienda física,Yucatán
2026-06-22,Juego de Ollas Antiadherentes,Hogar,1,2398.50,2398.50,Tienda física,CDMX
2026-06-22,Yoga Mat Premium,Deportes,1,648.50,648.50,Marketplace,Puebla
2026-06-22,Lámpara LED Inteligente,Hogar,2,549,1098,Online,Nuevo León
2026-06-22,Paleta de Sombras Nude,Belleza,2,449,898,Móvil App,CDMX
2026-06-23,Mancuernas Ajustables 10kg,Deportes,2,999,1998,Tienda física,Jalisco
2026-06-23,Smartphone X5,Electrónica,1,7649,7649,Marketplace,Yucatán
2026-06-23,Perfume Noir Intense 100ml,Belleza,1,1899,1899,Marketplace,Jalisco
2026-06-24,Kit Bandas Elásticas,Deportes,2,299,598,Tienda física,Chihuahua
2026-06-24,Secadora Iónica 2200W,Belleza,1,1499,1499,Tienda física,Jalisco
2026-06-24,Secadora Iónica 2200W,Belleza,1,1499,1499,Marketplace,Jalisco
2026-06-24,Dron Junior HD,Juguetes,1,1599,1599,Marketplace,Yucatán
2026-06-24,Smart TV 55'',Electrónica,3,11499,34497,Online,Puebla
2026-06-24,Set de Sábanas Queen 600h,Hogar,1,1199,1199,Online,Puebla
2026-06-24,Smartphone X5,Electrónica,3,8999,26997,Móvil App,CDMX
2026-06-25,Smartwatch Fit 3,Electrónica,2,3299,6598,Online,Chihuahua
2026-06-25,Smart TV 55'',Electrónica,1,11498.50,11498.50,Online,CDMX
2026-06-25,Casco Ciclismo Aero,Deportes,1,1299,1299,Marketplace,Yucatán
2026-06-25,Laptop Pro 14,Electrónica,1,18999,18999,Tienda física,Yucatán
2026-06-25,Sudadera Hoodie Urban,Moda,2,899,1798,Marketplace,CDMX
2026-06-25,Dron Junior HD,Juguetes,1,1598.50,1598.50,Marketplace,Chihuahua
2026-06-26,Sudadera Hoodie Urban,Moda,1,899,899,Online,CDMX
2026-06-27,Bicicleta Urbana R26,Deportes,1,7999,7999,Marketplace,CDMX
2026-06-27,Set de Sábanas Queen 600h,Hogar,2,1198.50,2397,Tienda física,Puebla
2026-06-27,Pantalón Chino Slim,Moda,2,948.50,1897,Online,Nuevo León
2026-06-28,Sudadera Hoodie Urban,Moda,3,764,2292,Marketplace,Jalisco
2026-06-28,Cámara Action Go,Electrónica,1,7998.50,7998.50,Móvil App,CDMX
2026-06-29,Peluche Oso Gigante 1.5m,Juguetes,1,549,549,Móvil App,CDMX
2026-06-29,Kit Bandas Elásticas,Deportes,1,299,299,Marketplace,Jalisco
2026-06-29,Secadora Iónica 2200W,Belleza,1,1499,1499,Online,CDMX
2026-06-29,Paleta de Sombras Nude,Belleza,2,499,998,Marketplace,Nuevo León
2026-06-29,Paleta de Sombras Nude,Belleza,1,499,499,Online,Puebla
2026-06-29,Crema Hidratante Aloe,Belleza,2,389,778,Tienda física,Chihuahua
2026-06-29,Cámara Action Go,Electrónica,1,7999,7999,Online,Yucatán
2026-06-29,Lentes de Sol Retro,Moda,1,759,759,Móvil App,CDMX
2026-06-29,Bolso de Cuero Milano,Moda,1,1898.50,1898.50,Marketplace,CDMX
2026-06-29,Secadora Iónica 2200W,Belleza,1,1499,1499,Online,Yucatán
2026-06-29,Teclado Mecánico RGB,Electrónica,2,1598.50,3197,Móvil App,CDMX
2026-06-30,Audífonos ANC Studio,Electrónica,3,2498.50,7495.50,Marketplace,CDMX
2026-06-30,Casco Ciclismo Aero,Deportes,2,1169,2338,Móvil App,Nuevo León
2026-06-30,Smartphone X5,Electrónica,2,8999,17998,Tienda física,Jalisco
2026-06-30,Bicicleta Urbana R26,Deportes,1,7998.50,7998.50,Online,CDMX
2026-06-30,Sudadera Hoodie Urban,Moda,1,898.50,898.50,Tienda física,Jalisco
2026-06-30,Teclado Mecánico RGB,Electrónica,1,1598.50,1598.50,Marketplace,CDMX
2026-07-01,Laptop Pro 14,Electrónica,1,18999,18999,Online,Jalisco
2026-07-01,Secadora Iónica 2200W,Belleza,1,1498.50,1498.50,Online,Chihuahua
2026-07-01,Cafetera Espresso Deluxe,Hogar,1,4369,4369,Online,Chihuahua
2026-07-02,Audífonos ANC Studio,Electrónica,1,2498.50,2498.50,Online,Yucatán
2026-07-03,Smartphone X5,Electrónica,1,8999,8999,Móvil App,Chihuahua
2026-07-03,Set Ciencia Experimentos,Juguetes,1,629,629,Online,Yucatán
2026-07-03,Smart TV 55'',Electrónica,2,11499,22998,Móvil App,Jalisco
2026-07-03,Rizador de Pelas Digital,Belleza,2,719,1438,Marketplace,Nuevo León
2026-07-03,Perfume Noir Intense 100ml,Belleza,2,1899,3798,Online,Yucatán
2026-07-03,Bolso de Cuero Milano,Moda,2,1898.50,3797,Tienda física,Puebla
2026-07-03,Teclado Mecánico RGB,Electrónica,1,1599,1599,Online,Nuevo León
2026-07-03,Bicicleta Urbana R26,Deportes,1,7998.50,7998.50,Marketplace,Chihuahua
2026-07-04,Crema Hidratante Aloe,Belleza,1,389,389,Tienda física,Puebla
2026-07-05,Yoga Mat Premium,Deportes,2,649,1298,Móvil App,Puebla
2026-07-05,Smartphone X5,Electrónica,1,8999,8999,Móvil App,CDMX
2026-07-05,Kit Bandas Elásticas,Deportes,2,299,598,Online,Jalisco
2026-07-05,Sudadera Hoodie Urban,Moda,3,899,2697,Móvil App,Jalisco
2026-07-05,Lámpara LED Inteligente,Hogar,4,548.50,2194,Tienda física,Chihuahua
2026-07-05,Bloques Creativos 500pz,Juguetes,1,854,854,Online,CDMX
2026-07-06,Yoga Mat Premium,Deportes,3,584,1752,Online,Nuevo León
2026-07-06,Chamarra Denim Classic,Moda,1,1169,1169,Marketplace,Yucatán
2026-07-06,Bloques Creativos 500pz,Juguetes,4,899,3596,Móvil App,CDMX
2026-07-06,Purificador de Aire Mini,Hogar,1,2899,2899,Online,Yucatán
2026-07-06,Secadora Iónica 2200W,Belleza,1,1499,1499,Tienda física,Nuevo León
2026-07-06,Perfume Noir Intense 100ml,Belleza,1,1898.50,1898.50,Online,CDMX
2026-07-06,Sudadera Hoodie Urban,Moda,3,719,2157,Tienda física,Jalisco
2026-07-07,Balón Soccer Pro FIFA,Deportes,1,494,494,Online,Puebla
2026-07-07,Rizador de Pelas Digital,Belleza,6,899,5394,Móvil App,Chihuahua
2026-07-07,Licuadora Turbo 1200W,Hogar,1,1699,1699,Marketplace,Puebla
2026-07-07,Juego de Ollas Antiadherentes,Hogar,2,2399,4798,Online,CDMX
2026-07-07,Perfume Noir Intense 100ml,Belleza,5,1899,9495,Online,Yucatán
2026-07-07,Teclado Mecánico RGB,Electrónica,2,1598.50,3197,Online,Jalisco
2026-07-07,Casco Ciclismo Aero,Deportes,2,1299,2598,Online,CDMX
2026-07-08,Kit Bandas Elásticas,Deportes,1,299,299,Online,CDMX
2026-07-08,Chamarra Denim Classic,Moda,2,1299,2598,Móvil App,Chihuahua
2026-07-08,Mancuernas Ajustables 10kg,Deportes,2,998.50,1997,Tienda física,Yucatán
2026-07-08,Consola Next X,Electrónica,2,13999,27998,Marketplace,CDMX
2026-07-08,Pantalón Chino Slim,Moda,1,949,949,Online,Puebla
2026-07-08,Paleta de Sombras Nude,Belleza,1,374,374,Tienda física,Yucatán
2026-07-08,Mancuernas Ajustables 10kg,Deportes,5,999,4995,Online,CDMX
2026-07-08,Juego de Ollas Antiadherentes,Hogar,2,2399,4798,Marketplace,Yucatán
2026-07-08,Cafetera Espresso Deluxe,Hogar,1,4598.50,4598.50,Tienda física,Chihuahua
2026-07-09,Secadora Iónica 2200W,Belleza,1,1498.50,1498.50,Online,Nuevo León
2026-07-09,Cámara Action Go,Electrónica,2,7999,15998,Móvil App,Puebla
2026-07-09,Bloques Creativos 500pz,Juguetes,5,899,4495,Tienda física,Chihuahua
2026-07-09,Banda de Correr Plegable,Deportes,1,11874,11874,Marketplace,Puebla
2026-07-09,Auto RC Turbo Rally,Juguetes,1,779,779,Marketplace,CDMX
2026-07-09,Teclado Mecánico RGB,Electrónica,1,1599,1599,Marketplace,Jalisco
2026-07-10,Set de Sábanas Queen 600h,Hogar,1,1199,1199,Marketplace,CDMX
2026-07-10,Kit Bandas Elásticas,Deportes,1,254,254,Online,Chihuahua
2026-07-10,Dron Junior HD,Juguetes,1,1599,1599,Marketplace,CDMX
2026-07-10,Casco Ciclismo Aero,Deportes,1,1299,1299,Marketplace,Yucatán
2026-07-11,Chamarra Denim Classic,Moda,1,1299,1299,Tienda física,Puebla
2026-07-11,Chamarra Denim Classic,Moda,2,1299,2598,Online,Jalisco
2026-07-11,Pantalón Chino Slim,Moda,1,948.50,948.50,Móvil App,CDMX
2026-07-12,Perfume Noir Intense 100ml,Belleza,2,1899,3798,Móvil App,Chihuahua
2026-07-12,Aspiradora Robot Clean+,Hogar,3,5999,17997,Tienda física,Puebla
2026-07-12,Barra de Sonido 2.1,Electrónica,3,3499,10497,Online,Nuevo León
2026-07-12,Perfume Noir Intense 100ml,Belleza,3,1424,4272,Marketplace,Yucatán
2026-07-12,Aspiradora Robot Clean+,Hogar,2,5999,11998,Móvil App,Puebla
2026-07-12,Tenis Runner Air,Moda,2,2199,4398,Móvil App,Jalisco
2026-07-12,Bicicleta Urbana R26,Deportes,1,7999,7999,Móvil App,Nuevo León
2026-07-13,Consola Next X,Electrónica,1,13999,13999,Marketplace,Chihuahua
2026-07-13,Secadora Iónica 2200W,Belleza,2,1199,2398,Tienda física,CDMX
2026-07-13,Smart TV 55'',Electrónica,3,11499,34497,Tienda física,Chihuahua
2026-07-14,Teclado Mecánico RGB,Electrónica,2,1439,2878,Online,CDMX
2026-07-14,Bloques Creativos 500pz,Juguetes,2,899,1798,Online,CDMX
2026-07-14,Teclado Mecánico RGB,Electrónica,1,1279,1279,Online,Chihuahua
2026-07-14,Audífonos ANC Studio,Electrónica,1,2499,2499,Móvil App,Jalisco
2026-07-14,Bolso de Cuero Milano,Moda,1,1898.50,1898.50,Móvil App,Jalisco
2026-07-14,Smartwatch Fit 3,Electrónica,2,3299,6598,Online,CDMX
2026-07-15,Juego de Ollas Antiadherentes,Hogar,1,1799,1799,Online,Nuevo León
2026-07-15,Juego de Ollas Antiadherentes,Hogar,1,2399,2399,Marketplace,Yucatán
2026-07-15,Juego de Mesa Familiar,Juguetes,2,449,898,Online,Nuevo León
2026-07-15,Audífonos ANC Studio,Electrónica,1,2249,2249,Online,CDMX
2026-07-15,Smartwatch Fit 3,Electrónica,2,2639,5278,Tienda física,Nuevo León
2026-07-15,Paleta de Sombras Nude,Belleza,1,499,499,Tienda física,Puebla
2026-07-16,Balón Soccer Pro FIFA,Deportes,1,549,549,Online,Puebla
2026-07-16,Smartwatch Fit 3,Electrónica,1,3299,3299,Marketplace,Yucatán
2026-07-16,Serum Vitamina C 30ml,Belleza,1,658.50,658.50,Tienda física,Puebla
2026-07-16,Consola Next X,Electrónica,2,13999,27998,Marketplace,Yucatán
2026-07-16,Smartwatch Fit 3,Electrónica,2,3299,6598,Móvil App,Nuevo León
2026-07-17,Balón Soccer Pro FIFA,Deportes,2,548.50,1097,Online,Jalisco
2026-07-17,Vestido Floral Summer,Moda,2,1099,2198,Marketplace,CDMX
2026-07-17,Smartwatch Fit 3,Electrónica,1,3299,3299,Marketplace,Nuevo León
2026-07-17,Paleta de Sombras Nude,Belleza,2,499,998,Marketplace,Jalisco
2026-07-17,Mancuernas Ajustables 10kg,Deportes,1,749,749,Marketplace,Puebla
2026-07-17,Secadora Iónica 2200W,Belleza,2,1498.50,2997,Tienda física,Jalisco
2026-07-17,Balón Soccer Pro FIFA,Deportes,1,412,412,Online,Jalisco
2026-07-17,Yoga Mat Premium,Deportes,1,649,649,Tienda física,Jalisco
2026-07-18,Aspiradora Robot Clean+,Hogar,3,5999,17997,Marketplace,CDMX
2026-07-18,Juego de Ollas Antiadherentes,Hogar,1,1799,1799,Móvil App,CDMX
2026-07-18,Auto RC Turbo Rally,Juguetes,2,779,1558,Móvil App,Yucatán
2026-07-18,Pantalón Chino Slim,Moda,2,948.50,1897,Online,Yucatán
2026-07-18,Rizador de Pelas Digital,Belleza,1,898.50,898.50,Marketplace,Chihuahua
2026-07-19,Consola Next X,Electrónica,1,10499,10499,Online,Puebla
2026-07-19,Lámpara LED Inteligente,Hogar,1,549,549,Marketplace,Nuevo León
2026-07-19,Smartphone X5,Electrónica,1,8998.50,8998.50,Móvil App,Puebla
2026-07-19,Dron Junior HD,Juguetes,1,1598.50,1598.50,Móvil App,Yucatán
2026-07-19,Bloques Creativos 500pz,Juguetes,3,899,2697,Móvil App,Nuevo León
2026-07-19,Dron Junior HD,Juguetes,1,1598.50,1598.50,Online,CDMX
2026-07-19,Chamarra Denim Classic,Moda,2,1298.50,2597,Marketplace,Jalisco
2026-07-20,Auto RC Turbo Rally,Juguetes,6,779,4674,Online,Nuevo León
2026-07-20,Bolso de Cuero Milano,Moda,2,1899,3798,Online,Yucatán
2026-07-20,Smartwatch Fit 3,Electrónica,1,3299,3299,Marketplace,Jalisco
2026-07-20,Camiseta Basic Cotton,Moda,2,399,798,Marketplace,Jalisco
2026-07-20,Juego de Mesa Familiar,Juguetes,1,449,449,Móvil App,Nuevo León
2026-07-20,Yoga Mat Premium,Deportes,3,649,1947,Online,Nuevo León
2026-07-20,Bloques Creativos 500pz,Juguetes,6,899,5394,Online,CDMX
2026-07-20,Aspiradora Robot Clean+,Hogar,1,5999,5999,Tienda física,Nuevo León
2026-07-21,Crema Hidratante Aloe,Belleza,1,389,389,Tienda física,CDMX
2026-07-21,Bolso de Cuero Milano,Moda,1,1898.50,1898.50,Móvil App,CDMX
2026-07-21,Audífonos ANC Studio,Electrónica,1,2499,2499,Online,Nuevo León
2026-07-21,Audífonos ANC Studio,Electrónica,2,2499,4998,Online,Puebla
2026-07-22,Set Ciencia Experimentos,Juguetes,3,629,1887,Online,Chihuahua
2026-07-22,Paleta de Sombras Nude,Belleza,1,499,499,Móvil App,Nuevo León
2026-07-22,Mancuernas Ajustables 10kg,Deportes,3,999,2997,Online,Yucatán
2026-07-22,Teclado Mecánico RGB,Electrónica,1,1599,1599,Online,Yucatán
2026-07-22,Auto RC Turbo Rally,Juguetes,2,778.50,1557,Móvil App,Yucatán
2026-07-22,Sudadera Hoodie Urban,Moda,2,899,1798,Online,Jalisco
2026-07-22,Mancuernas Ajustables 10kg,Deportes,4,999,3996,Online,CDMX
2026-07-22,Tenis Runner Air,Moda,5,2199,10995,Marketplace,CDMX
2026-07-23,Smartwatch Fit 3,Electrónica,2,2474,4948,Online,Jalisco
2026-07-23,Audífonos ANC Studio,Electrónica,2,2499,4998,Marketplace,Nuevo León
2026-07-23,Barra de Sonido 2.1,Electrónica,1,2624,2624,Marketplace,Puebla
2026-07-23,Juego de Mesa Familiar,Juguetes,6,449,2694,Marketplace,Chihuahua
2026-07-23,Bicicleta Urbana R26,Deportes,3,7999,23997,Móvil App,Jalisco
2026-07-24,Juego de Mesa Familiar,Juguetes,2,449,898,Tienda física,Chihuahua
2026-07-24,Lámpara LED Inteligente,Hogar,1,548.50,548.50,Tienda física,Jalisco
2026-07-24,Aspiradora Robot Clean+,Hogar,2,5999,11998,Online,Jalisco
2026-07-24,Set Ciencia Experimentos,Juguetes,1,629,629,Online,Jalisco
2026-07-24,Pantalón Chino Slim,Moda,1,948.50,948.50,Online,Yucatán
2026-07-24,Aspiradora Robot Clean+,Hogar,1,5998.50,5998.50,Marketplace,Nuevo León
2026-07-24,Purificador de Aire Mini,Hogar,1,2898.50,2898.50,Móvil App,CDMX
2026-07-24,Dron Junior HD,Juguetes,2,1598.50,3197,Online,Nuevo León
2026-07-24,Peluche Oso Gigante 1.5m,Juguetes,1,412,412,Móvil App,Chihuahua
2026-07-24,Auto RC Turbo Rally,Juguetes,1,779,779,Tienda física,CDMX
2026-07-25,Dron Junior HD,Juguetes,2,1599,3198,Móvil App,CDMX
2026-07-25,Serum Vitamina C 30ml,Belleza,2,659,1318,Tienda física,CDMX
2026-07-25,Mancuernas Ajustables 10kg,Deportes,1,999,999,Móvil App,Puebla
2026-07-25,Paleta de Sombras Nude,Belleza,3,499,1497,Online,Puebla
2026-07-26,Bicicleta Urbana R26,Deportes,1,5999,5999,Marketplace,Jalisco
2026-07-26,Bicicleta Urbana R26,Deportes,1,7998.50,7998.50,Marketplace,CDMX
2026-07-26,Barra de Sonido 2.1,Electrónica,2,2799,5598,Tienda física,Nuevo León
2026-07-26,Mancuernas Ajustables 10kg,Deportes,2,999,1998,Marketplace,CDMX
2026-07-27,Tablet Galaxy 10",Electrónica,3,6498.50,19495.50,Marketplace,Jalisco
2026-07-27,Bicicleta Urbana R26,Deportes,2,7999,15998,Online,Yucatán
2026-07-27,Laptop Pro 14,Electrónica,2,18998.50,37997,Marketplace,Nuevo León
2026-07-28,Juego de Mesa Familiar,Juguetes,1,449,449,Online,Jalisco
2026-07-28,Tablet Galaxy 10",Electrónica,2,6499,12998,Móvil App,Chihuahua
2026-07-28,Paleta de Sombras Nude,Belleza,3,399,1197,Online,CDMX
2026-07-28,Set de Sábanas Queen 600h,Hogar,2,1079,2158,Online,CDMX
2026-07-28,Bolso de Cuero Milano,Moda,2,1614,3228,Marketplace,Puebla
2026-07-29,Banda de Correr Plegable,Deportes,3,12498.50,37495.50,Tienda física,Yucatán
2026-07-29,Set Ciencia Experimentos,Juguetes,1,629,629,Marketplace,Nuevo León
2026-07-29,Tablet Galaxy 10",Electrónica,1,6499,6499,Online,CDMX
2026-07-29,Set Ciencia Experimentos,Juguetes,1,629,629,Online,Chihuahua
2026-07-29,Kit Bandas Elásticas,Deportes,1,224,224,Tienda física,Jalisco
2026-07-29,Consola Next X,Electrónica,3,13999,41997,Online,Yucatán
2026-07-30,Tenis Runner Air,Moda,2,2199,4398,Tienda física,CDMX
2026-07-30,Bolso de Cuero Milano,Moda,1,1899,1899,Tienda física,Nuevo León
2026-07-30,Paleta de Sombras Nude,Belleza,2,499,998,Marketplace,Jalisco
2026-07-30,Mancuernas Ajustables 10kg,Deportes,1,999,999,Marketplace,Chihuahua
2026-07-30,Smart TV 55'',Electrónica,2,11499,22998,Marketplace,Nuevo León
2026-07-31,Lentes de Sol Retro,Moda,1,758.50,758.50,Móvil App,Nuevo León
2026-07-31,Smart TV 55'',Electrónica,1,11499,11499,Marketplace,Jalisco
2026-07-31,Smart TV 55'',Electrónica,2,11499,22998,Online,Puebla
2026-07-31,Mancuernas Ajustables 10kg,Deportes,1,999,999,Marketplace,Nuevo León
2026-07-31,Paleta de Sombras Nude,Belleza,1,499,499,Marketplace,CDMX
2026-07-31,Bloques Creativos 500pz,Juguetes,1,854,854,Tienda física,Yucatán
2026-08-01,Paleta de Sombras Nude,Belleza,1,399,399,Móvil App,Jalisco
2026-08-01,Teclado Mecánico RGB,Electrónica,2,1599,3198,Online,Jalisco
2026-08-01,Barra de Sonido 2.1,Electrónica,3,3499,10497,Online,Yucatán
2026-08-01,Camiseta Basic Cotton,Moda,1,399,399,Móvil App,Nuevo León
2026-08-01,Casco Ciclismo Aero,Deportes,1,1169,1169,Tienda física,Puebla
2026-08-02,Smartwatch Fit 3,Electrónica,1,3299,3299,Móvil App,Nuevo León
2026-08-02,Kit Bandas Elásticas,Deportes,2,284,568,Online,CDMX
2026-08-02,Set Ciencia Experimentos,Juguetes,2,629,1258,Marketplace,Nuevo León
2026-08-02,Mancuernas Ajustables 10kg,Deportes,3,899,2697,Móvil App,Chihuahua
2026-08-02,Smart TV 55'',Electrónica,1,11498.50,11498.50,Online,Chihuahua
2026-08-02,Tablet Galaxy 10",Electrónica,1,6499,6499,Online,Nuevo León
2026-08-03,Smart TV 55'',Electrónica,1,9774,9774,Tienda física,Nuevo León
2026-08-03,Tablet Galaxy 10",Electrónica,2,6499,12998,Online,Nuevo León
2026-08-03,Auto RC Turbo Rally,Juguetes,1,779,779,Online,Puebla
2026-08-03,Kit Bandas Elásticas,Deportes,4,299,1196,Marketplace,Nuevo León
2026-08-03,Balón Soccer Pro FIFA,Deportes,1,549,549,Online,CDMX
2026-08-03,Cámara Action Go,Electrónica,2,7999,15998,Online,Nuevo León
2026-08-04,Consola Next X,Electrónica,1,13999,13999,Online,Chihuahua
2026-08-04,Auto RC Turbo Rally,Juguetes,2,779,1558,Tienda física,Nuevo León
2026-08-04,Secadora Iónica 2200W,Belleza,1,1499,1499,Marketplace,Nuevo León
2026-08-04,Bloques Creativos 500pz,Juguetes,3,674,2022,Móvil App,Jalisco
2026-08-05,Yoga Mat Premium,Deportes,3,649,1947,Marketplace,CDMX
2026-08-05,Peluche Oso Gigante 1.5m,Juguetes,1,549,549,Online,Chihuahua
2026-08-05,Bicicleta Urbana R26,Deportes,2,7998.50,15997,Online,Nuevo León
2026-08-05,Casco Ciclismo Aero,Deportes,2,1298.50,2597,Online,CDMX
2026-08-05,Serum Vitamina C 30ml,Belleza,2,658.50,1317,Online,CDMX
2026-08-05,Cafetera Espresso Deluxe,Hogar,2,3449,6898,Marketplace,Jalisco
2026-08-05,Tenis Runner Air,Moda,1,2199,2199,Tienda física,Puebla
2026-08-05,Juego de Ollas Antiadherentes,Hogar,2,2399,4798,Móvil App,CDMX
2026-08-05,Set de Sábanas Queen 600h,Hogar,1,1199,1199,Tienda física,CDMX
2026-08-05,Smart TV 55'',Electrónica,2,11499,22998,Online,CDMX
2026-08-06,Lámpara LED Inteligente,Hogar,1,549,549,Online,CDMX
2026-08-06,Bicicleta Urbana R26,Deportes,1,7998.50,7998.50,Tienda física,CDMX
2026-08-06,Lentes de Sol Retro,Moda,2,569,1138,Marketplace,Nuevo León
2026-08-06,Chamarra Denim Classic,Moda,1,1299,1299,Online,CDMX
2026-08-06,Camiseta Basic Cotton,Moda,6,339,2034,Marketplace,CDMX
2026-08-06,Secadora Iónica 2200W,Belleza,2,1124,2248,Tienda física,CDMX
2026-08-06,Lentes de Sol Retro,Moda,3,683,2049,Online,CDMX
2026-08-07,Tablet Galaxy 10",Electrónica,2,6499,12998,Online,Yucatán
2026-08-07,Rizador de Pelas Digital,Belleza,2,899,1798,Móvil App,CDMX
2026-08-07,Consola Next X,Electrónica,1,13999,13999,Online,Nuevo León
2026-08-07,Cámara Action Go,Electrónica,4,7999,31996,Online,Nuevo León
2026-08-07,Cafetera Espresso Deluxe,Hogar,1,4598.50,4598.50,Online,CDMX
2026-08-07,Bolso de Cuero Milano,Moda,1,1898.50,1898.50,Online,CDMX
2026-08-07,Juego de Ollas Antiadherentes,Hogar,3,2399,7197,Online,CDMX
2026-08-07,Chamarra Denim Classic,Moda,3,1298.50,3895.50,Marketplace,Yucatán
2026-08-07,Bloques Creativos 500pz,Juguetes,2,898.50,1797,Tienda física,CDMX
2026-08-08,Smart TV 55'',Electrónica,2,11498.50,22997,Online,Chihuahua
2026-08-08,Cafetera Espresso Deluxe,Hogar,1,3909,3909,Online,Nuevo León
2026-08-08,Aspiradora Robot Clean+,Hogar,3,5999,17997,Online,Puebla
2026-08-08,Set Ciencia Experimentos,Juguetes,2,629,1258,Marketplace,CDMX
2026-08-08,Audífonos ANC Studio,Electrónica,1,2124,2124,Online,Yucatán
2026-08-09,Teclado Mecánico RGB,Electrónica,3,1279,3837,Marketplace,Puebla
2026-08-09,Balón Soccer Pro FIFA,Deportes,6,467,2802,Online,CDMX
2026-08-09,Tenis Runner Air,Moda,2,2198.50,4397,Online,Nuevo León
2026-08-09,Cámara Action Go,Electrónica,5,7998.50,39992.50,Marketplace,Jalisco
2026-08-09,Juego de Ollas Antiadherentes,Hogar,1,2399,2399,Marketplace,CDMX
2026-08-09,Teclado Mecánico RGB,Electrónica,2,1439,2878,Marketplace,Puebla
2026-08-09,Juego de Mesa Familiar,Juguetes,2,449,898,Online,CDMX
2026-08-10,Tenis Runner Air,Moda,1,2089,2089,Online,Nuevo León
2026-08-10,Juego de Ollas Antiadherentes,Hogar,2,2399,4798,Marketplace,Puebla
2026-08-11,Yoga Mat Premium,Deportes,2,648.50,1297,Marketplace,CDMX
2026-08-11,Banda de Correr Plegable,Deportes,1,12498.50,12498.50,Marketplace,Yucatán
2026-08-12,Smartwatch Fit 3,Electrónica,3,3299,9897,Online,Jalisco
2026-08-12,Tenis Runner Air,Moda,1,2199,2199,Móvil App,CDMX
2026-08-12,Chamarra Denim Classic,Moda,1,1169,1169,Online,CDMX
2026-08-12,Smartphone X5,Electrónica,2,8549,17098,Online,Jalisco
2026-08-12,Tenis Runner Air,Moda,1,1869,1869,Online,Puebla
2026-08-12,Tablet Galaxy 10",Electrónica,1,6499,6499,Marketplace,CDMX
2026-08-12,Audífonos ANC Studio,Electrónica,1,2499,2499,Online,CDMX
2026-08-13,Teclado Mecánico RGB,Electrónica,2,1359,2718,Online,Yucatán
2026-08-13,Serum Vitamina C 30ml,Belleza,3,527,1581,Tienda física,CDMX
2026-08-13,Teclado Mecánico RGB,Electrónica,2,1599,3198,Tienda física,CDMX
2026-08-13,Paleta de Sombras Nude,Belleza,2,499,998,Móvil App,CDMX
2026-08-14,Vestido Floral Summer,Moda,1,989,989,Marketplace,Jalisco
2026-08-14,Lámpara LED Inteligente,Hogar,1,548.50,548.50,Online,Nuevo León
2026-08-14,Set Ciencia Experimentos,Juguetes,1,629,629,Marketplace,CDMX
